Date,Close,High,Low,Open,Volume,Daily Return
2023-01-01,16625.080078125,16630.439453125,16521.234375,16547.9140625,9244361700,
2023-01-02,16688.470703125,16759.34375,16572.228515625,16625.509765625,12097775227,0.0038129515588565255
2023-01-03,16679.857421875,16760.447265625,16622.37109375,16688.84765625,13903079207,-0.000516121662866742
2023-01-04,16863.23828125,16964.5859375,16667.763671875,16680.205078125,18421743322,0.010994150293785143
2023-01-05,16836.736328125,16884.021484375,16790.283203125,16863.47265625,13692758566,-0.0015715814888571655
2023-01-06,16951.96875,16991.994140625,16716.421875,16836.47265625,14413662913,0.006844106816741524
2023-01-07,16955.078125,16975.017578125,16914.19140625,16952.1171875,7714767174,0.00018342264818071996
2023-01-08,17091.14453125,17091.14453125,16924.05078125,16954.146484375,9768827914,0.008025112314249405
2023-01-09,17196.5546875,17389.95703125,17093.9921875,17093.9921875,18624736866,0.006167530562816603
2023-01-10,17446.29296875,17484.720703125,17162.990234375,17192.94921875,15808338949,0.014522576515372032
2023-01-11,17934.896484375,17934.896484375,17337.994140625,17446.359375,18372283782,0.02800615102017323
2023-01-12,18869.587890625,19030.087890625,17995.203125,18117.59375,34971338710,0.052115795988246116
2023-01-13,19909.57421875,19964.322265625,18753.1640625,18868.90625,29225029694,0.05511441660269112
2023-01-14,20976.298828125,21075.142578125,19907.828125,19910.537109375,38967784639,0.05357847423830919
2023-01-15,20880.798828125,20993.748046875,20606.986328125,20977.484375,19298407543,-0.004552757413617381
2023-01-16,21169.6328125,21360.875,20715.74609375,20882.224609375,26792494050,0.013832516023570829
2023-01-17,21161.51953125,21438.66015625,20978.533203125,21175.833984375,24999983362,-0.00038325091993141047
2023-01-18,20688.78125,21564.501953125,20541.544921875,21161.05078125,30005625418,-0.022339524368838015
2023-01-19,21086.79296875,21163.01171875,20685.380859375,20686.74609375,21152848261,0.019238045679950355
2023-01-20,22676.552734375,22692.357421875,20919.126953125,21085.373046875,28799154319,0.07539125404137925
2023-01-21,22777.625,23282.34765625,22511.833984375,22677.427734375,32442278429,0.004457126566322689
2023-01-22,22720.416015625,23056.73046875,22387.900390625,22777.986328125,24746386230,-0.002511630794474806
2023-01-23,22934.431640625,23126.486328125,22654.3046875,22721.087890625,26518700512,0.009419529327844067
2023-01-24,22636.46875,23134.01171875,22549.744140625,22929.626953125,26405069715,-0.012991945703908492
2023-01-25,23117.859375,23722.099609375,22406.076171875,22639.267578125,30685366709,0.021266153759075257
2023-01-26,23032.77734375,23237.078125,22911.373046875,23108.955078125,26357839322,-0.003680359408276712
2023-01-27,23078.728515625,23417.720703125,22654.59375,23030.716796875,25383335641,0.0019950339114214177
2023-01-28,23031.08984375,23165.896484375,22908.845703125,23079.96484375,14712928379,-0.0020641809553220147
2023-01-29,23774.56640625,23919.890625,22985.0703125,23031.44921875,27423687259,0.03228143207915801
2023-01-30,22840.138671875,23789.34765625,22657.58203125,23774.6484375,27205595568,-0.03930367092328346
2023-01-31,23139.283203125,23225.021484375,22765.568359375,22840.796875,22837828665,0.013097316769725253
2023-02-01,23723.76953125,23764.5390625,22877.75,23137.8359375,26683255504,0.025259482888651652
2023-02-02,23471.87109375,24167.2109375,23468.595703125,23720.82421875,32066936882,-0.01061797692681965
2023-02-03,23449.322265625,23678.103515625,23279.955078125,23469.412109375,27083066007,-0.0009606745041729203
2023-02-04,23331.84765625,23556.94921875,23291.794921875,23446.3203125,15639298538,-0.005009723012217249
2023-02-05,22955.666015625,23423.435546875,22841.759765625,23332.248046875,19564262605,-0.01612309690031044
2023-02-06,22760.109375,23119.279296875,22692.025390625,22954.021484375,23825006542,-0.008518883333286542
2023-02-07,23264.291015625,23310.974609375,22756.2578125,22757.267578125,27187964471,0.022151986720186922
2023-02-08,22939.3984375,23367.958984375,22731.09765625,23263.416015625,25371367758,-0.013965290320121615
2023-02-09,21819.0390625,22996.4375,21773.974609375,22946.56640625,32572572185,-0.04883996317743455
2023-02-10,21651.18359375,21941.185546875,21539.392578125,21819.005859375,27078406594,-0.007693073387383564
2023-02-11,21870.875,21891.41015625,21618.44921875,21651.841796875,16356226232,0.010146854341645195
2023-02-12,21788.203125,22060.994140625,21682.828125,21870.90234375,17821046406,-0.003779998514005456
2023-02-13,21808.1015625,21898.4140625,21460.087890625,21787.0,23918742607,0.0009132665684197239
2023-02-14,22220.8046875,22293.140625,21632.39453125,21801.822265625,26792596581,0.018924303145655852
2023-02-15,24307.841796875,24307.841796875,22082.76953125,22220.5859375,32483312909,0.09392266116037784
2023-02-16,23623.474609375,25134.1171875,23602.5234375,24307.349609375,39316664596,-0.028154173176657027
2023-02-17,24565.6015625,24924.041015625,23460.755859375,23621.283203125,41358451255,0.03988096453648349
2023-02-18,24641.27734375,24798.8359375,24468.373046875,24565.296875,19625427158,0.0030805588480080637
2023-02-19,24327.642578125,25093.0546875,24327.642578125,24640.02734375,25555105670,-0.012728023845912761
2023-02-20,24829.1484375,25020.458984375,23927.91015625,24336.623046875,28987376573,0.020614650916729094
2023-02-21,24436.353515625,25126.8515625,24200.36328125,24833.048828125,31252098714,-0.01581991113645098
2023-02-22,24188.84375,24472.33984375,23644.318359375,24437.41796875,30199996781,-0.01012875204423358
2023-02-23,23947.4921875,24572.08984375,23693.919921875,24190.71875,30476264066,-0.00997780485063493
2023-02-24,23198.126953125,24103.705078125,23007.072265625,23946.0078125,26811744928,-0.03129201289670536
2023-02-25,23175.375,23210.2109375,22861.55859375,23200.125,16100721565,-0.0009807668166905703
2023-02-26,23561.212890625,23654.3671875,23084.220703125,23174.150390625,16644534842,0.016648614774302573
2023-02-27,23522.87109375,23857.890625,23205.87890625,23561.451171875,22660763494,-0.0016273269569350157
2023-02-28,23147.353515625,23585.384765625,23077.650390625,23521.837890625,20535363434,-0.01596393470118429
2023-03-01,23646.55078125,23880.6328125,23088.626953125,23150.9296875,24662841200,0.02156606219747892
2023-03-02,23475.466796875,23739.138671875,23245.021484375,23647.01953125,20386398516,-0.007235050302163204
2023-03-03,22362.6796875,23479.34765625,22213.23828125,23476.6328125,26062404610,-0.047402129167592566
2023-03-04,22353.349609375,22405.177734375,22198.98046875,22362.923828125,11166012913,-0.0004172164631153219
2023-03-05,22435.513671875,22613.685546875,22307.142578125,22354.14453125,13317001733,0.0036756935285233716
2023-03-06,22429.7578125,22584.29296875,22331.314453125,22436.81640625,17353192895,-0.00025655126328649747
2023-03-07,22219.76953125,22527.41796875,22011.26171875,22428.322265625,22765452204,-0.00936203961743065
2023-03-08,21718.080078125,22268.896484375,21708.05078125,22216.44140625,22536575684,-0.022578517406286358
2023-03-09,20363.021484375,21802.716796875,20210.306640625,21720.080078125,30364664171,-0.06239311158608585
2023-03-10,20187.244140625,20370.595703125,19628.25390625,20367.001953125,39578257695,-0.008632183779056501
2023-03-11,20632.41015625,20792.525390625,20068.66015625,20187.876953125,30180288176,0.022051846825845045
2023-03-12,22163.94921875,22185.03125,20448.806640625,20628.029296875,29279035521,0.07422977009964415
2023-03-13,24197.533203125,24550.837890625,21918.19921875,22156.40625,49466362688,0.09175187888693825
2023-03-14,24746.07421875,26514.716796875,24081.18359375,24201.765625,54622230164,0.022669294883089997
2023-03-15,24375.9609375,25240.615234375,23964.91015625,24770.92578125,43655701450,-0.014956444322371198
2023-03-16,25052.7890625,25190.326171875,24225.111328125,24373.45703125,33866061747,0.027766213062754286
2023-03-17,27423.9296875,27787.8125,24955.169921875,25055.123046875,50730261335,0.0946457745317153
2023-03-18,26965.87890625,27725.953125,26636.26171875,27448.1171875,35723036817,-0.01670259464889101
2023-03-19,28038.67578125,28440.560546875,26907.716796875,26969.50390625,37769448859,0.039783493752593824
2023-03-20,27767.236328125,28527.724609375,27242.880859375,28041.6015625,44774027664,-0.00968089417783835
2023-03-21,28175.81640625,28439.5625,27439.646484375,27768.392578125,36102192830,0.014714466837708162
2023-03-22,27307.4375,28803.3359375,26759.99609375,28158.720703125,33382021890,-0.030820008681536337
2023-03-23,28333.97265625,28729.84375,27183.36328125,27301.95703125,24220433689,0.03759177902540278
2023-03-24,27493.28515625,28388.4375,27039.265625,28324.111328125,25980310960,-0.02967065403073854
2023-03-25,27494.70703125,27791.826171875,27196.234375,27487.337890625,13383005987,5.17171735541222e-05
2023-03-26,27994.330078125,28178.14453125,27445.046875,27495.5234375,13878363192,0.018171608313816145
2023-03-27,27139.888671875,28037.92578125,26606.689453125,27994.068359375,18188895178,-0.03052194511765327
2023-03-28,27268.130859375,27460.71875,26677.818359375,27132.888671875,17783600385,0.004725228944394866
2023-03-29,28348.44140625,28619.54296875,27259.662109375,27267.03125,20684945906,0.0396180637553154
2023-03-30,28033.5625,29159.90234375,27720.16015625,28350.140625,22435349951,-0.0111074503792854
2023-03-31,28478.484375,28639.896484375,27583.71484375,28032.26171875,19001327598,0.015871042968584437
2023-04-01,28411.03515625,28802.45703125,28297.171875,28473.33203125,10876469901,-0.0023684272611504964
2023-04-02,28199.30859375,28518.958984375,27884.087890625,28462.845703125,12284641999,-0.00745226498561502
2023-04-03,27790.220703125,28475.623046875,27276.720703125,28183.080078125,19556501327,-0.014507018470504951
2023-04-04,28168.08984375,28433.7421875,27681.3046875,27795.2734375,15284538859,0.0135971982612757
2023-04-05,28177.984375,28739.23828125,27843.763671875,28169.7265625,17052315986,0.000351267384649967
2023-04-06,28044.140625,28178.384765625,27738.759765625,28175.2265625,13837809380,-0.004749940528704033
2023-04-07,27925.859375,28111.59375,27794.03125,28038.966796875,10861680497,-0.004217681389550476
2023-04-08,27947.794921875,28159.86328125,27883.38671875,27920.513671875,9373255556,0.0007854922772632111
2023-04-09,28333.05078125,28532.830078125,27828.48046875,27952.3671875,12175322951,0.013784839213681899
2023-04-10,29652.98046875,29771.46484375,28189.271484375,28336.02734375,19282400094,0.04658621825410658
2023-04-11,30235.05859375,30509.083984375,29609.30078125,29653.6796875,20121259843,0.019629666758571807
2023-04-12,30139.052734375,30462.48046875,29725.57421875,30231.58203125,18651929926,-0.003175315803583212
2023-04-13,30399.06640625,30539.845703125,29878.623046875,29892.740234375,17487721001,0.00862713483952482
2023-04-14,30485.69921875,31005.607421875,30044.498046875,30409.5625,22659995079,0.002849851088919886
2023-04-15,30318.49609375,30601.740234375,30245.8828125,30490.75,11940685378,-0.005484641300179338
2023-04-16,30315.35546875,30555.537109375,30157.83203125,30315.9765625,12854816417,-0.00010358775680330279
2023-04-17,29445.044921875,30319.197265625,29275.37109375,30317.146484375,17872186762,-0.028708571396173888
2023-04-18,30397.552734375,30470.302734375,29154.849609375,29449.091796875,19480529496,0.032348662229154
2023-04-19,28822.6796875,30411.0546875,28669.8984375,30394.1875,24571565421,-0.0518092051895368
2023-04-20,28245.98828125,29076.400390625,28037.2578125,28823.68359375,21340360360,-0.020008250880993006
2023-04-21,27276.91015625,28349.96875,27177.365234375,28249.23046875,20759504330,-0.034308522518338824
2023-04-22,27817.5,27872.142578125,27169.5703125,27265.89453125,13125734602,0.01981858797984626
2023-04-23,27591.384765625,27820.244140625,27400.314453125,27816.14453125,12785446832,-0.008128524647254443
2023-04-24,27525.33984375,27979.982421875,27070.849609375,27591.73046875,17703288330,-0.002393679129772508
2023-04-25,28307.59765625,28371.078125,27207.931640625,27514.873046875,17733373139,0.02841955147295372
2023-04-26,28422.701171875,29995.837890625,27324.548828125,28300.05859375,31854242019,0.004066170397882152
2023-04-27,29473.787109375,29871.546875,28402.88671875,28428.46484375,27153445027,0.036980508331842854
2023-04-28,29340.26171875,29572.791015625,28929.609375,29481.013671875,17544464887,-0.00453030993708059
2023-04-29,29248.48828125,29452.455078125,29088.04296875,29336.56640625,10662634333,-0.0031279011203009244
2023-04-30,29268.806640625,29952.029296875,29114.021484375,29245.515625,14652199272,0.000694680667924441
2023-05-01,28091.568359375,29329.935546875,27680.79296875,29227.103515625,18655599976,-0.04022160164248023
2023-05-02,28680.537109375,28881.298828125,27924.123046875,28087.17578125,16432924527,0.020966033026897257
2023-05-03,29006.30859375,29259.533203125,28178.388671875,28680.494140625,19122972518,0.01135862564681589
2023-05-04,28847.7109375,29353.185546875,28694.0390625,29031.3046875,15548678514,-0.005467695268338013
2023-05-05,29534.384765625,29668.908203125,28845.509765625,28851.48046875,17936566518,0.023803407820215394
2023-05-06,28904.623046875,29820.126953125,28468.966796875,29538.859375,15913866714,-0.021323001096775096
2023-05-07,28454.978515625,29157.517578125,28441.3671875,28901.623046875,11301355486,-0.015556145829018653
2023-05-08,27694.2734375,28663.271484375,27310.134765625,28450.45703125,19122903752,-0.026733637409259936
2023-05-09,27658.775390625,27821.400390625,27375.6015625,27695.068359375,14128593256,-0.0012817829272578907
2023-05-10,27621.755859375,28322.6875,26883.669921875,27654.63671875,20656025026,-0.0013384371045779275
2023-05-11,27000.7890625,27621.94140625,26781.826171875,27621.0859375,16724343943,-0.022481076150133283
2023-05-12,26804.990234375,27055.646484375,25878.4296875,26987.662109375,19313599897,-0.007251596524522896
2023-05-13,26784.078125,27030.482421875,26710.873046875,26807.76953125,9999171605,-0.0007801573211611013
2023-05-14,26930.638671875,27150.9765625,26661.35546875,26788.974609375,10014858959,0.005471927993601522
2023-05-15,27192.693359375,27646.34765625,26766.09765625,26931.384765625,14413231792,0.009730726801279843
2023-05-16,27036.650390625,27299.3046875,26878.947265625,27171.513671875,12732238816,-0.005738415341494774
2023-05-17,27398.802734375,27465.927734375,26600.14453125,27035.470703125,15140006925,0.013394867282656264
2023-05-18,26832.208984375,27466.52734375,26415.1015625,27401.650390625,15222938600,-0.02067950762275983
2023-05-19,26890.12890625,27128.619140625,26700.2109375,26826.75390625,11258983301,0.0021585968530852817
2023-05-20,27129.5859375,27155.158203125,26843.27734375,26888.841796875,7044911360,0.008905016115201336
2023-05-21,26753.826171875,27265.91796875,26706.921875,27118.423828125,8647416921,-0.013850552916312875
2023-05-22,26851.27734375,27045.734375,26549.734375,26749.892578125,11056770492,0.0036425134576618667
2023-05-23,27225.7265625,27434.68359375,26816.1796875,26855.9609375,13697203143,0.013945303754316907
2023-05-24,26334.818359375,27224.603515625,26106.576171875,27224.603515625,16299104428,-0.03272302765106416
2023-05-25,26476.20703125,26591.51953125,25890.59375,26329.4609375,13851122697,0.005368887301425707
2023-05-26,26719.291015625,26916.669921875,26343.94921875,26474.181640625,12711619225,0.009181223884829448
2023-05-27,26868.353515625,26888.8828125,26621.140625,26720.181640625,7892015141,0.005578834405180588
2023-05-28,28085.646484375,28193.44921875,26802.751953125,26871.158203125,14545229578,0.0453058267244435
2023-05-29,27745.884765625,28432.0390625,27563.876953125,28075.591796875,15181308984,-0.0120973437068298
2023-05-30,27702.349609375,28044.759765625,27588.501953125,27745.123046875,13251081851,-0.0015690671469931194
2023-05-31,27219.658203125,27831.677734375,26866.453125,27700.529296875,15656371534,-0.01742420455507676
2023-06-01,26819.97265625,27346.10546875,26671.720703125,27218.412109375,14678970415,-0.014683709247646393
2023-06-02,27249.58984375,27303.861328125,26574.64453125,26824.556640625,14837415000,0.01601855426947596
2023-06-03,27075.12890625,27317.052734375,26958.00390625,27252.32421875,8385597470,-0.0064023326039167605
2023-06-04,27119.06640625,27407.01953125,26968.224609375,27075.123046875,9360912318,0.001622799291266075
2023-06-05,25760.09765625,27129.982421875,25445.16796875,27123.109375,21513292646,-0.05011119223804861
2023-06-06,27238.783203125,27313.8203125,25434.8671875,25732.109375,21929670693,0.057402171630208665
2023-06-07,26345.998046875,27332.181640625,26146.98828125,27235.650390625,19530045082,-0.03277624957004588
2023-06-08,26508.216796875,26797.513671875,26246.6640625,26347.654296875,11904824295,0.0061572444403654725
2023-06-09,26480.375,26770.2890625,26339.314453125,26505.923828125,11015551640,-0.0010503081775867784
2023-06-10,25851.240234375,26531.044921875,25501.8359375,26481.76171875,19872933189,-0.02375852931180167
2023-06-11,25940.16796875,26203.439453125,25668.986328125,25854.03125,10732609603,0.0034399794195076883
2023-06-12,25902.5,26087.919921875,25675.197265625,25934.28515625,11677889997,-0.001452109670044499
2023-06-13,25918.728515625,26376.3515625,25728.365234375,25902.94140625,14143474486,0.0006265231396582749
2023-06-14,25124.67578125,26041.80078125,24902.15234375,25920.2578125,14265717766,-0.030636253390914137
2023-06-15,25576.39453125,25735.30859375,24797.16796875,25121.673828125,15837384409,0.017979087727655774
2023-06-16,26327.462890625,26463.173828125,25245.357421875,25575.283203125,16324646965,0.029365685552642073
2023-06-17,26510.67578125,26769.39453125,26174.4921875,26328.6796875,11090276850,0.006959002900740696
2023-06-18,26336.212890625,26675.92578125,26325.890625,26510.45703125,9565695129,-0.006580854145875503
2023-06-19,26851.029296875,26984.611328125,26312.83203125,26335.44140625,12826986222,0.019547852547670663
2023-06-20,28327.48828125,28388.96875,26668.791015625,26841.6640625,22211859147,0.05498705349618893
2023-06-21,30027.296875,30737.330078125,28283.41015625,28311.310546875,33346760979,0.06000562340273241
2023-06-22,29912.28125,30495.998046875,29679.158203125,29995.935546875,20653160491,-0.0038303689299371557
2023-06-23,30695.46875,31389.5390625,29845.21484375,29896.3828125,24115570085,0.02618280743799839
2023-06-24,30548.6953125,30804.1484375,30290.146484375,30708.73828125,12147822496,-0.0047815994828226405
2023-06-25,30480.26171875,31041.271484375,30327.943359375,30545.150390625,12703464114,-0.002240147837737516
2023-06-26,30271.130859375,30636.029296875,29955.744140625,30480.5234375,16493186997,-0.006861189753050945
2023-06-27,30688.1640625,31006.787109375,30236.650390625,30274.3203125,16428827944,0.013776598074988877
2023-06-28,30086.24609375,30703.279296875,29921.822265625,30696.560546875,14571500779,-0.01961401038928634
2023-06-29,30445.3515625,30796.25,30057.203125,30086.1875,13180860821,0.011935868224670187
2023-06-30,30477.251953125,31256.86328125,29600.275390625,30441.353515625,26387306197,0.0010477918298796851
2023-07-01,30590.078125,30641.2890625,30328.865234375,30471.84765625,9086606733,0.0037019798257575953
2023-07-02,30620.76953125,30766.140625,30264.01953125,30587.26953125,10533418042,0.0010033124506771962
2023-07-03,31156.439453125,31375.61328125,30586.513671875,30624.515625,15271884873,0.01749367929268808
2023-07-04,30777.58203125,31325.197265625,30659.35546875,31156.865234375,12810828427,-0.012159843310882601
2023-07-05,30514.166015625,30877.330078125,30225.61328125,30778.724609375,12481622280,-0.0085586975402272
2023-07-06,29909.337890625,31460.052734375,29892.2265625,30507.150390625,21129219509,-0.019821224171432172
2023-07-07,30342.265625,30434.64453125,29777.28515625,29907.998046875,13384770155,0.014474667943441766
2023-07-08,30292.541015625,30374.4375,30080.16015625,30346.921875,7509378699,-0.0016387902600796256
2023-07-09,30171.234375,30427.58984375,30085.591796875,30291.611328125,7903327692,-0.004004505286051452
2023-07-10,30414.470703125,31026.083984375,29985.39453125,30172.423828125,14828209155,0.008061862007427312
2023-07-11,30620.951171875,30788.314453125,30358.09765625,30417.6328125,12151839152,0.006788889103658935
2023-07-12,30391.646484375,30959.96484375,30228.8359375,30622.24609375,14805659717,-0.007488490028050299
2023-07-13,31476.048828125,31814.515625,30268.3515625,30387.48828125,23686079548,0.03568093437476372
2023-07-14,30334.068359375,31582.25390625,29966.38671875,31474.720703125,20917902660,-0.036280934592069825
2023-07-15,30295.806640625,30407.78125,30263.462890625,30331.783203125,8011667756,-0.001261344778969442
2023-07-16,30249.1328125,30437.560546875,30089.669921875,30297.47265625,8516564470,-0.001540603578530031
2023-07-17,30145.888671875,30336.400390625,29685.783203125,30249.626953125,13240156074,-0.0034131272874816654
2023-07-18,29856.5625,30233.65625,29556.427734375,30147.0703125,13138897269,-0.009597533349379406
2023-07-19,29913.923828125,30184.181640625,29794.26953125,29862.046875,12128602812,0.0019212301525000086
2023-07-20,29792.015625,30195.53125,29638.095703125,29915.25,14655207121,-0.0040752996439197275
2023-07-21,29908.744140625,30045.998046875,29733.8515625,29805.111328125,10972789818,0.0039181140710413676
2023-07-22,29771.802734375,29991.615234375,29664.12109375,29908.697265625,7873300598,-0.004578641136054662
2023-07-23,30084.5390625,30330.640625,29741.52734375,29790.111328125,9220145050,0.010504447141318263
2023-07-24,29176.916015625,30093.39453125,28934.294921875,30081.662109375,15395817395,-0.03016908602087709
2023-07-25,29227.390625,29353.16015625,29062.43359375,29178.970703125,10266772793,0.0017299501204297574
2023-07-26,29354.97265625,29675.552734375,29113.912109375,29225.759765625,13497554655,0.004365152978824893
2023-07-27,29210.689453125,29560.966796875,29099.3515625,29353.798828125,10770779217,-0.004915119656712763
2023-07-28,29319.24609375,29521.513671875,29125.845703125,29212.1640625,11218474952,0.0037163327075591113
2023-07-29,29356.91796875,29396.84375,29264.166015625,29319.4453125,6481775959,0.001284885528077373
2023-07-30,29275.30859375,29443.169921875,29059.501953125,29357.09375,8678454527,-0.002779902682116475
2023-07-31,29230.111328125,29489.873046875,29131.578125,29278.314453125,11656781982,-0.0015438698273756435
2023-08-01,29675.732421875,29675.732421875,28657.0234375,29230.873046875,18272392391,0.015245275282999904
2023-08-02,29151.958984375,29987.998046875,28946.509765625,29704.146484375,19212655598,-0.01764989082843693
2023-08-03,29178.6796875,29375.70703125,28959.48828125,29161.8125,12780357746,0.0009166006009861949
2023-08-04,29074.091796875,29302.078125,28885.3359375,29174.3828125,12036639988,-0.0035843942133476636
2023-08-05,29042.126953125,29102.46484375,28957.796875,29075.388671875,6598366353,-0.0010994270766331304
2023-08-06,29041.85546875,29160.822265625,28963.833984375,29043.701171875,7269806994,-9.347950838400898e-06
2023-08-07,29180.578125,29244.28125,28724.140625,29038.513671875,13618163710,0.004776645775930843
2023-08-08,29765.4921875,30176.796875,29113.814453125,29180.01953125,17570561357,0.020044635853149417
2023-08-09,29561.494140625,30093.435546875,29376.80078125,29766.6953125,18379521213,-0.006853508270246889
2023-08-10,29429.591796875,29688.564453125,29354.447265625,29563.97265625,11865344789,-0.004461964714047806
2023-08-11,29397.71484375,29517.7734375,29253.517578125,29424.90234375,10195168197,-0.001083159880198692
2023-08-12,29415.96484375,29465.11328125,29357.587890625,29399.787109375,6194358008,0.0006207965516027425
2023-08-13,29282.9140625,29441.43359375,29265.806640625,29416.59375,7329897180,-0.004523080645381872
2023-08-14,29408.443359375,29660.25390625,29124.10546875,29283.263671875,14013695304,0.004286776125049352
2023-08-15,29170.34765625,29439.12109375,29088.853515625,29408.048828125,12640195779,-0.008096168172366025
2023-08-16,28701.779296875,29221.9765625,28701.779296875,29169.07421875,14949271904,-0.016063173634291772
2023-08-17,26664.55078125,28745.947265625,25409.111328125,28699.802734375,31120851211,-0.07097917151940503
2023-08-18,26049.556640625,26808.1953125,25668.921875,26636.078125,24026236529,-0.02306411031148714
2023-08-19,26096.205078125,26249.44921875,25802.408203125,26047.83203125,10631443812,0.0017907574452629138
2023-08-20,26189.583984375,26260.681640625,26004.314453125,26096.861328125,9036580420,0.00357825614760654
2023-08-21,26124.140625,26220.201171875,25846.087890625,26188.69140625,13371557893,-0.002498831574187843
2023-08-22,26031.65625,26135.5078125,25520.728515625,26130.748046875,14503820706,-0.0035401882238949023
2023-08-23,26431.640625,26786.8984375,25804.998046875,26040.474609375,16985265785,0.015365306423789304
2023-08-24,26162.373046875,26554.91015625,25914.92578125,26431.51953125,12871532023,-0.01018731988472621
2023-08-25,26047.66796875,26248.103515625,25786.8125,26163.6796875,12406045118,-0.004384352975912553
2023-08-26,26008.462890625,26107.384765625,25983.87890625,26047.234375,6034817316,-0.0015051281432193475
2023-08-27,26089.693359375,26165.373046875,25965.09765625,26008.2421875,6913768611,0.0031232321991347956
2023-08-28,26106.150390625,26198.578125,25880.599609375,26089.615234375,11002805166,0.0006307866874213364
2023-08-29,27727.392578125,28089.337890625,25912.62890625,26102.486328125,29368391712,0.062101924766441385
2023-08-30,27297.265625,27760.16015625,27069.20703125,27726.083984375,16343655235,-0.015512708305083889
2023-08-31,25931.47265625,27456.078125,25752.9296875,27301.9296875,20181001451,-0.0500340578984273
2023-09-01,25800.724609375,26125.869140625,25362.609375,25934.021484375,17202862221,-0.005042060225742162
2023-09-02,25868.798828125,25970.28515625,25753.09375,25800.91015625,10100387473,0.0026384615075991658
2023-09-03,25969.56640625,26087.1484375,25817.03125,25869.47265625,8962524523,0.0038953327054152
2023-09-04,25812.416015625,26081.525390625,25657.025390625,25968.169921875,10680635106,-0.006051329012069284
2023-09-05,25779.982421875,25858.375,25589.98828125,25814.95703125,11094740040,-0.0012565113521479931
2023-09-06,25753.236328125,25953.015625,25404.359375,25783.931640625,12752705327,-0.0010374752516241204
2023-09-07,26240.1953125,26409.302734375,25608.201171875,25748.3125,11088307100,0.018908652030005024
2023-09-08,25905.654296875,26414.005859375,25677.48046875,26245.208984375,10817356400,-0.012749181613965876
2023-09-09,25895.677734375,25921.9765625,25810.494140625,25905.42578125,5481314132,-0.0003851113886439439
2023-09-10,25832.2265625,25978.130859375,25640.26171875,25895.2109375,7899553047,-0.0024502611024840304
2023-09-11,25162.654296875,25883.947265625,24930.296875,25831.71484375,14600006467,-0.02592003689674205
2023-09-12,25833.34375,26451.939453125,25133.078125,25160.658203125,18657279324,0.026654161568650414
2023-09-13,26228.32421875,26376.11328125,25781.123046875,25837.5546875,13072077070,0.01528956036711282
2023-09-14,26539.673828125,26774.623046875,26171.451171875,26228.27734375,13811359124,0.011870739692642074
2023-09-15,26608.693359375,26840.498046875,26240.701171875,26533.818359375,11479735788,0.0026006171627044328
2023-09-16,26568.28125,26754.76953125,26473.890625,26606.19921875,7402031417,-0.001518755875352329
2023-09-17,26534.1875,26617.998046875,26445.07421875,26567.927734375,6774210670,-0.0012832501161511578
2023-09-18,26754.28125,27414.734375,26415.515625,26532.994140625,15615339655,0.008294723552398242
2023-09-19,27211.1171875,27488.763671875,26681.60546875,26760.8515625,13807690550,0.017075246134672373
2023-09-20,27132.0078125,27379.505859375,26864.08203125,27210.228515625,13281116604,-0.00290724465500225
2023-09-21,26567.6328125,27152.939453125,26389.30078125,27129.83984375,13371443708,-0.02080107760178318
2023-09-22,26579.568359375,26726.078125,26495.533203125,26564.056640625,10578746709,0.0004492514240630463
2023-09-23,26579.390625,26634.185546875,26520.51953125,26578.556640625,7404700301,-6.686879658768241e-06
2023-09-24,26256.826171875,26716.05859375,26221.05078125,26579.373046875,8192867686,-0.01213588594546644
2023-09-25,26298.48046875,26421.5078125,26011.46875,26253.775390625,11997833257,0.0015864178176880905
2023-09-26,26217.25,26389.884765625,26090.712890625,26294.7578125,9985498161,-0.0030887894396227633
2023-09-27,26352.716796875,26817.841796875,26111.46484375,26209.498046875,11718380997,0.005167086436411061
2023-09-28,27021.546875,27259.5,26327.322265625,26355.8125,14079002707,0.02537992888096885
2023-09-29,26911.720703125,27225.9375,26721.763671875,27024.841796875,10396435377,-0.004064392478456136
2023-09-30,26967.916015625,27091.794921875,26888.96875,26911.689453125,5331172801,0.0020881352448591795
2023-10-01,27983.75,28047.23828125,26965.09375,26967.396484375,9503917434,0.037668241913332734
2023-10-02,27530.78515625,28494.458984375,27347.787109375,27976.798828125,19793041322,-0.016186709920936293
2023-10-03,27429.978515625,27667.19140625,27216.001953125,27508.251953125,11407814187,-0.003661597010505724
2023-10-04,27799.39453125,27826.658203125,27248.10546875,27429.07421875,11143355314,0.013467601347721292
2023-10-05,27415.912109375,28091.861328125,27375.6015625,27798.646484375,11877253670,-0.01379463216164356
2023-10-06,27946.59765625,28252.537109375,27215.552734375,27412.123046875,13492391599,0.01935684447622399
2023-10-07,27968.83984375,28028.091796875,27870.423828125,27946.78125,6553044316,0.0007958817661306572
2023-10-08,27935.08984375,28102.169921875,27740.662109375,27971.677734375,7916875290,-0.001206700034343422
2023-10-09,27583.677734375,27989.470703125,27302.5625,27934.47265625,12007668568,-0.012579594744121514
2023-10-10,27391.01953125,27715.84765625,27301.654296875,27589.201171875,9973350678,-0.006984500217130485
2023-10-11,26873.3203125,27474.115234375,26561.099609375,27392.076171875,13648094333,-0.018900326735168282
2023-10-12,26756.798828125,26921.439453125,26558.3203125,26873.29296875,9392909295,-0.0043359541366684295
2023-10-13,26862.375,27092.697265625,26686.322265625,26752.87890625,15165312851,0.003945769916393171
2023-10-14,26861.70703125,26969.0,26814.5859375,26866.203125,5388116782,-2.4866332556272575e-05
2023-10-15,27159.65234375,27289.169921875,26817.89453125,26858.01171875,7098201980,0.011091823470242623
2023-10-16,28519.466796875,29448.138671875,27130.47265625,27162.62890625,27833876539,0.05006744695824206
2023-10-17,28415.748046875,28618.751953125,28110.185546875,28522.09765625,14872527508,-0.0036367703063566736
2023-10-18,28328.341796875,28889.009765625,28174.251953125,28413.53125,12724128586,-0.0030759792019486865
2023-10-19,28719.806640625,28892.474609375,28177.98828125,28332.416015625,14448058195,0.013818840741083749
2023-10-20,29682.94921875,30104.0859375,28601.669921875,28732.8125,21536125230,0.033535830870205396
2023-10-21,29918.412109375,30287.482421875,29481.751953125,29683.380859375,11541146996,0.007932597562652743
2023-10-22,29993.896484375,30199.43359375,29720.3125,29918.654296875,10446520040,0.002523007395046406
2023-10-23,33086.234375,34370.4375,30097.828125,30140.685546875,38363572311,0.10309890521346299
2023-10-24,33901.52734375,35150.43359375,32880.76171875,33077.3046875,44934999645,0.02464145540134477
2023-10-25,34502.8203125,35133.7578125,33709.109375,33916.04296875,25254318008,0.017736456610143003
2023-10-26,34156.6484375,34832.91015625,33762.32421875,34504.2890625,19427195376,-0.010033147199696724
2023-10-27,33909.80078125,34238.2109375,33416.88671875,34156.5,16418032871,-0.007226928505637331
2023-10-28,34089.57421875,34399.390625,33874.8046875,33907.72265625,10160330825,0.005301518539129857
2023-10-29,34538.48046875,34743.26171875,33947.56640625,34089.37109375,11160323986,0.013168432293093613
2023-10-30,34502.36328125,34843.93359375,34110.97265625,34531.7421875,17184860315,-0.0010457086417764438
2023-10-31,34667.78125,34719.25390625,34083.30859375,34500.078125,15758270810,0.004794395311462418
2023-11-01,35437.25390625,35527.9296875,34170.69140625,34657.2734375,22446272005,0.022195613001625203
2023-11-02,34938.2421875,35919.84375,34401.57421875,35441.578125,20998158544,-0.014081557224217889
2023-11-03,34732.32421875,34942.47265625,34133.44140625,34942.47265625,17158456701,-0.005893770145759425
2023-11-04,35082.1953125,35256.03125,34616.69140625,34736.32421875,9561294264,0.010073356782761111
2023-11-05,35049.35546875,35340.33984375,34594.2421875,35090.01171875,12412743996,-0.0009360829177728069
2023-11-06,35037.37109375,35286.02734375,34765.36328125,35044.7890625,12693436420,-0.0003419285416157436
2023-11-07,35443.5625,35892.41796875,34545.81640625,35047.79296875,18834737789,0.011593090279608864
2023-11-08,35655.27734375,35994.41796875,35147.80078125,35419.4765625,17295394918,0.005973294692089626
2023-11-09,36693.125,37926.2578125,35592.1015625,35633.6328125,37762672382,0.029107827327892632
2023-11-10,37313.96875,37493.80078125,36362.75390625,36702.25,22711265155,0.01691989303173269
2023-11-11,37138.05078125,37407.09375,36773.66796875,37310.0703125,13924272142,-0.0047145338500075296
2023-11-12,37054.51953125,37227.69140625,36779.1171875,37133.9921875,11545715999,-0.002249209321512735
2023-11-13,36502.35546875,37405.1171875,36399.60546875,37070.3046875,19057712790,-0.014901395821212304
2023-11-14,35537.640625,36753.3515625,34948.5,36491.7890625,23857403554,-0.026428838121854925
2023-11-15,37880.58203125,37964.89453125,35383.78125,35548.11328125,27365821679,0.06592844558740318
2023-11-16,36154.76953125,37934.625,35545.47265625,37879.98046875,26007385366,-0.04555929205565723
2023-11-17,36596.68359375,36704.484375,35901.234375,36164.82421875,22445028430,0.012222842746045792
2023-11-18,36585.703125,36839.28125,36233.3125,36625.37109375,11886022717,-0.000300039994658885
2023-11-19,37386.546875,37509.35546875,36414.59765625,36585.765625,12915986553,0.021889527372586093
2023-11-20,37476.95703125,37756.8203125,36882.53125,37374.07421875,20888209068,0.0024182537251242753
2023-11-21,35813.8125,37631.140625,35813.8125,37469.16015625,25172163756,-0.04437779006078835
2023-11-22,37432.33984375,37856.98046875,35670.97265625,35756.5546875,24397247860,0.045192824521265385
2023-11-23,37289.62109375,37643.91796875,36923.86328125,37420.43359375,14214948217,-0.003812712499291715
2023-11-24,37720.28125,38415.33984375,37261.60546875,37296.31640625,22922957823,0.011549062275727495
2023-11-25,37796.79296875,37892.4296875,37617.41796875,37721.4140625,9099571165,0.0020283973558654633
2023-11-26,37479.12109375,37820.30078125,37162.75,37796.828125,13744796068,-0.008404730932136117
2023-11-27,37254.16796875,37559.35546875,36750.12890625,37454.19140625,19002925720,-0.006002091789647501
2023-11-28,37831.0859375,38368.48046875,36891.08984375,37247.9921875,21696137014,0.01548599794884531
2023-11-29,37858.4921875,38366.11328125,37612.6328125,37826.10546875,20728546658,0.0007244373065387055
2023-11-30,37712.74609375,38141.75390625,37531.140625,37861.1171875,18115982627,-0.0038497596002547985
2023-12-01,38688.75,38954.109375,37629.359375,37718.0078125,23512784002,0.025879947957747618
2023-12-02,39476.33203125,39678.9375,38652.59375,38689.27734375,15534035612,0.020356874575942596
2023-12-03,39978.390625,40135.60546875,39298.1640625,39472.20703125,15769696322,0.012717964611113297
2023-12-04,41980.09765625,42371.75,39978.62890625,39978.62890625,39856129827,0.05006972516793251
2023-12-05,44080.6484375,44408.6640625,41421.1484375,41986.265625,36312154535,0.05003682455553493
2023-12-06,43746.4453125,44265.76953125,43478.08203125,44080.0234375,29909761586,-0.007581629055975703
2023-12-07,43292.6640625,44042.58984375,42880.6484375,43769.1328125,27635760671,-0.010372985662227885
2023-12-08,44166.6015625,44705.515625,43125.296875,43293.13671875,24421116687,0.02018673414826888
2023-12-09,43725.984375,44361.2578125,43627.59765625,44180.01953125,17368210171,-0.009976252913108663
2023-12-10,43779.69921875,44034.625,43593.28515625,43728.3828125,13000481418,0.0012284421841561866
2023-12-11,41243.83203125,43808.375,40234.578125,43792.01953125,40632672038,-0.05792335792051162
2023-12-12,41450.22265625,42048.3046875,40667.5625,41238.734375,24779520132,0.005004157345118276
2023-12-13,42890.7421875,43429.78125,40676.8671875,41468.46484375,26797884674,0.03475299863154757
2023-12-14,43023.97265625,43390.859375,41767.08984375,42884.26171875,25578530178,0.0031062756659134827
2023-12-15,41929.7578125,43087.82421875,41692.96875,43028.25,19639442462,-0.025432678020983368
2023-12-16,42240.1171875,42664.9453125,41723.11328125,41937.7421875,14386729590,0.007401888090740938
2023-12-17,41364.6640625,42359.49609375,41274.54296875,42236.109375,16678702876,-0.02072563201266564
2023-12-18,42623.5390625,42720.296875,40530.2578125,41348.203125,25224642008,0.030433584522719714
2023-12-19,42270.52734375,43354.296875,41826.3359375,42641.51171875,23171001281,-0.008282083715112631
2023-12-20,43652.25,44275.5859375,42223.81640625,42261.30078125,27868908174,0.032687613405284255
2023-12-21,43869.15234375,44240.66796875,43330.05078125,43648.125,22452766169,0.0049688697318006625
2023-12-22,43997.90234375,44367.95703125,43441.96875,43868.98828125,21028503216,0.002934864092908329
2023-12-23,43739.54296875,44015.69921875,43351.35546875,44012.19921875,13507796558,-0.005872083923035065
2023-12-24,43016.1171875,43945.5234375,42786.91796875,43728.3671875,18830554085,-0.01653939964043194
2023-12-25,43613.140625,43765.09375,42765.76953125,43010.57421875,21115795370,0.013879063861056418
2023-12-26,42520.40234375,43603.17578125,41676.48828125,43599.84765625,30026850982,-0.025055253200995553
2023-12-27,43442.85546875,43683.16015625,42167.58203125,42518.46875,25260941032,0.021694364920222586
2023-12-28,42627.85546875,43804.78125,42318.55078125,43468.19921875,22992093014,-0.01876027694786908
2023-12-29,42099.40234375,43124.32421875,41424.0625,42614.64453125,26000021055,-0.012396896798793966
2023-12-30,42156.90234375,42584.125,41556.2265625,42091.75390625,16013925945,0.0013658151137276864
2023-12-31,42265.1875,42860.9375,41998.25390625,42152.09765625,16397498810,0.002568622223877659
2024-01-01,44167.33203125,44175.4375,42214.9765625,42280.234375,18426978443,0.0450049945064126
2024-01-02,44957.96875,45899.70703125,44176.94921875,44187.140625,39335274536,0.017900939051301412
2024-01-03,42848.17578125,45503.2421875,40813.53515625,44961.6015625,46342323118,-0.04692812036242189
2024-01-04,44179.921875,44770.0234375,42675.17578125,42855.81640625,30448091210,0.03108057856532498
2024-01-05,44162.69140625,44353.28515625,42784.71875,44192.98046875,32336029347,-0.0003900067727314882
2024-01-06,43989.1953125,44227.6328125,43475.15625,44178.953125,16092503468,-0.003928567037593367
2024-01-07,43943.09765625,44495.5703125,43662.23046875,43998.46484375,19330573863,-0.0010479313368322307
2024-01-08,46970.50390625,47218.0,43244.08203125,43948.70703125,42746192015,0.06889378335779228
2024-01-09,46139.73046875,47893.69921875,45244.71484375,46987.640625,39821290992,-0.017687130611972357
2024-01-10,46627.77734375,47647.22265625,44483.15234375,46121.5390625,50114613298,0.010577584004972662
2024-01-11,46368.5859375,48969.37109375,45678.64453125,46656.07421875,45833734549,-0.005558733892443213
2024-01-12,42853.16796875,46498.13671875,41903.76953125,46354.79296875,43332698900,-0.07581464687080208
2024-01-13,42842.3828125,43234.66015625,42464.14453125,42799.4453125,20601860469,-0.0002516769882185965
2024-01-14,41796.26953125,43065.59765625,41724.61328125,42842.26171875,17521429522,-0.0244177193838242
2024-01-15,42511.96875,43319.72265625,41705.41796875,41715.06640625,22320220558,0.01712351907901466
2024-01-16,43154.9453125,43566.2734375,42085.99609375,42499.3359375,24062872740,0.015124600939588229
2024-01-17,42742.65234375,43189.890625,42189.30859375,43132.1015625,20851232595,-0.009553782672285682
2024-01-18,41262.05859375,42876.34765625,40631.171875,42742.3125,25218357242,-0.034639725632667706
2024-01-19,41618.40625,42134.16015625,40297.45703125,41278.4609375,25752407154,0.00863620644230223
2024-01-20,41665.5859375,41877.89453125,41446.82421875,41624.58984375,11586690904,0.0011336255217606617
2024-01-21,41545.78515625,41855.3671875,41497.0078125,41671.48828125,9344043642,-0.0028752933279206916
2024-01-22,39507.3671875,41651.20703125,39450.1171875,41553.65234375,31338708143,-0.049064374667218136
2024-01-23,39845.55078125,40127.3515625,38521.89453125,39518.71484375,29244553045,0.008560013431039293
2024-01-24,40077.07421875,40483.78515625,39508.796875,39877.59375,22359526178,0.005810521700930993
2024-01-25,39933.80859375,40254.48046875,39545.6640625,40075.55078125,18491782013,-0.0035747525934159974
2024-01-26,41816.87109375,42209.38671875,39825.69140625,39936.81640625,25598119893,0.04715459322091098
2024-01-27,42120.0546875,42195.6328125,41431.28125,41815.625,11422941934,0.007250269707417489
2024-01-28,42035.59375,42797.17578125,41696.91015625,42126.125,16858971687,-0.002005242826170095
2024-01-29,43288.24609375,43305.8671875,41818.33203125,42030.9140625,20668476578,0.029799801358818767
2024-01-30,42952.609375,43838.9453125,42711.37109375,43300.2265625,23842814518,-0.007753530092744043
2024-01-31,42582.60546875,43717.40625,42298.9453125,42946.25,24673628793,-0.00861423582021903
2024-02-01,43075.7734375,43243.16796875,41879.19140625,42569.76171875,21423953779,0.011581441842771323
2024-02-02,43185.859375,43422.48828125,42584.3359375,43077.640625,18603843039,0.0025556346111748063
2024-02-03,42992.25,43359.94140625,42890.80859375,43184.96484375,11169245236,-0.0044831659668692625
2024-02-04,42583.58203125,43097.64453125,42374.83203125,42994.94140625,14802225490,-0.009505619472114146
2024-02-05,42658.66796875,43494.25,42264.81640625,42577.62109375,18715487317,0.0017632602500394778
2024-02-06,43084.671875,43344.1484375,42529.01953125,42657.390625,16798476726,0.009986338686479135
2024-02-07,44318.22265625,44341.94921875,42775.95703125,43090.01953125,21126587775,0.028630850081180936
2024-02-08,45301.56640625,45575.83984375,44332.125,44332.125,26154524080,0.022188248784866804
2024-02-09,47147.19921875,48152.49609375,45260.82421875,45297.3828125,39316770844,0.040741037427910465
2024-02-10,47771.27734375,48146.171875,46905.3203125,47153.52734375,16398681570,0.013236801662479536
2024-02-11,48293.91796875,48535.9375,47617.40625,47768.96875,19315867136,0.010940478338881565
2024-02-12,49958.22265625,50280.4765625,47745.76171875,48296.38671875,34511985805,0.034461993507690414
2024-02-13,49742.44140625,50358.390625,48406.49609375,49941.359375,35593051468,-0.004319233922406296
2024-02-14,51826.6953125,52021.37109375,49296.83203125,49733.4453125,39105608050,0.041900916949929146
2024-02-15,51938.5546875,52820.06640625,51371.62890625,51836.78515625,38564360533,0.0021583350882306007
2024-02-16,52160.203125,52537.96875,51641.3671875,51937.7265625,28180567298,0.004267512618200353
2024-02-17,51662.99609375,52191.9140625,50669.66796875,52161.67578125,20009091006,-0.009532306269177337
2024-02-18,52122.546875,52356.96484375,51233.70703125,51661.96875,17595377311,0.008895163192163213
2024-02-19,51779.14453125,52483.32421875,51711.8203125,52134.8125,21362184346,-0.006588364620277343
2024-02-20,52284.875,52945.05078125,50792.3125,51777.7265625,33353758256,0.009767068832988945
2024-02-21,51839.1796875,52368.81640625,50671.7578125,52273.53515625,28624907020,-0.008524364120598982
2024-02-22,51304.97265625,52009.61328125,50926.29296875,51854.64453125,25413900611,-0.010305082651198116
2024-02-23,50731.94921875,51497.93359375,50561.77734375,51283.90625,21427078270,-0.011168964874795462
2024-02-24,51571.1015625,51684.1953125,50585.4453125,50736.37109375,15174077879,0.016540904827679226
2024-02-25,51733.23828125,51950.02734375,51306.171875,51565.21484375,15413239245,0.003143945229742817
2024-02-26,54522.40234375,54938.17578125,50931.03125,51730.5390625,34074411896,0.053914352844811164
2024-02-27,57085.37109375,57537.83984375,54484.19921875,54519.36328125,49756832031,0.04700762695380023
2024-02-28,62504.7890625,63913.1328125,56738.42578125,57071.09765625,83239156760,0.09493531994124749
2024-02-29,61198.3828125,63585.64453125,60498.73046875,62499.18359375,65496611844,-0.020900898468654838
2024-03-01,62440.6328125,63155.1015625,60802.52734375,61168.0625,40186368423,0.020298739001094468
2024-03-02,62029.84765625,62458.69921875,61657.2890625,62431.65234375,23888473685,-0.006578811548619723
2024-03-03,63167.37109375,63230.2109375,61435.0234375,62031.578125,26253811450,0.01833832389535761
2024-03-04,68330.4140625,68537.03125,62386.51953125,63137.00390625,70670471105,0.08173591649219114
2024-03-05,63801.19921875,69170.625,59323.91015625,68341.0546875,102802940877,-0.06628402455760396
2024-03-06,66106.8046875,67637.9296875,62848.671875,63776.05078125,68750229073,0.03613733749494208
2024-03-07,66925.484375,68029.921875,65655.53125,66099.7421875,46989543159,0.012384196927533564
2024-03-08,68300.09375,70083.0546875,66230.453125,66938.09375,59202881172,0.020539401213709896
2024-03-09,68498.8828125,68673.0546875,68053.125,68299.2578125,21609650379,0.0029105240064184468
2024-03-10,69019.7890625,70005.203125,68239.9765625,68500.2578125,35683977532,0.007604594828588107
2024-03-11,72123.90625,72850.7109375,67194.8828125,69020.546875,65716656765,0.04497430707429584
2024-03-12,71481.2890625,72825.65625,68728.8515625,72125.125,62554434520,-0.008909905479502545
2024-03-13,73083.5,73637.4765625,71334.09375,71482.1171875,48212536929,0.022414410239567806
2024-03-14,71396.59375,73750.0703125,68563.0234375,73079.375,59594605698,-0.0230819028918976
2024-03-15,69403.7734375,72357.1328125,65630.6953125,71387.875,78320453976,-0.027911980219644583
2024-03-16,65315.1171875,70046.2734375,64801.39453125,69392.484375,46842198371,-0.05891115205258901
2024-03-17,68390.625,68845.71875,64545.31640625,65316.34375,44716864318,0.04708722796395115
2024-03-18,67548.59375,68897.1328125,66594.2265625,68371.3046875,49261579492,-0.0123120859035869
2024-03-19,61912.7734375,68106.9296875,61536.1796875,67556.1328125,74215844794,-0.08343356981432348
2024-03-20,67913.671875,68115.2578125,60807.78515625,61930.15625,66792634382,0.09692504638897836
2024-03-21,65491.390625,68199.9921875,64580.91796875,67911.5859375,44480350565,-0.03566706353999505
2024-03-22,63778.76171875,66623.75,62355.37109375,65489.9296875,41401116964,-0.02615044343853401
2024-03-23,64062.203125,65976.3984375,63038.4921875,63802.72265625,24738964812,0.004444134671348854
2024-03-24,67234.171875,67622.7578125,63825.8515625,64070.75390625,27206630673,0.04951388799118828
2024-03-25,69958.8125,71162.59375,66414.8359375,67234.09375,42700139523,0.04052464020923141
2024-03-26,69987.8359375,71535.7421875,69335.609375,69931.328125,36010437368,0.00041486463910467286
2024-03-27,69455.34375,71727.6875,68381.9296875,69991.8984375,40827113309,-0.007608353371227561
2024-03-28,70744.953125,71546.0234375,68895.5078125,69452.7734375,34374900617,0.018567460837021654
2024-03-29,69892.828125,70913.09375,69076.65625,70744.796875,25230851763,-0.01204502883045766
2024-03-30,69645.3046875,70355.4921875,69601.0625,69893.4453125,17130241883,-0.0035414711944022903
2024-03-31,71333.6484375,71377.78125,69624.8671875,69647.78125,20050941373,0.02424203264779501
2024-04-01,69702.1484375,71342.09375,68110.6953125,71333.484375,34873527352,-0.022871394296192005
2024-04-02,65446.97265625,69708.3828125,64586.59375,69705.0234375,50705240709,-0.061047985989492126
2024-04-03,65980.8125,66914.3203125,64559.8984375,65446.671875,34488018367,0.008156830210526378
2024-04-04,68508.84375,69291.2578125,65113.796875,65975.6953125,34439527442,0.038314642609167615
2024-04-05,67837.640625,68725.7578125,66011.4765625,68515.7578125,33748230056,-0.009797320875087778
2024-04-06,68896.109375,69629.6015625,67491.71875,67840.5703125,19967785809,0.015602971156545964
2024-04-07,69362.5546875,70284.4296875,68851.6328125,68897.109375,21204930369,0.006770270726916605
2024-04-08,71631.359375,72715.359375,69064.2421875,69362.5546875,37261432669,0.03270935878474601
2024-04-09,69139.015625,71742.5078125,68212.921875,71632.5,36426900409,-0.03479403115822832
2024-04-10,70587.8828125,71093.4296875,67503.5625,69140.2421875,38318601774,0.0209558550176423
2024-04-11,70060.609375,71256.234375,69571.8125,70575.734375,30153382941,-0.007469744331340511
2024-04-12,67195.8671875,71222.7421875,65254.8359375,70061.3828125,44129299406,-0.04088948430588779
2024-04-13,63821.47265625,67931.4296875,60919.10546875,67188.375,52869738185,-0.05021729270691988
2024-04-14,65738.7265625,65824.4296875,62205.8515625,63836.23046875,49084320047,0.03004089104268326
2024-04-15,63426.2109375,66878.6484375,62332.0703125,65739.6484375,43595917654,-0.03517737178558533
2024-04-16,63811.86328125,64355.66796875,61716.40234375,63419.296875,42847528078,0.006080330797783695
2024-04-17,61276.69140625,64486.36328125,59768.5859375,63831.84765625,41915247049,-0.03972884891052719
2024-04-18,63512.75390625,64125.6875,60833.48046875,61275.31640625,36006307335,0.03649124077498622
2024-04-19,63843.5703125,65481.59765625,59651.390625,63510.75,49920425401,0.005208661031110617
2024-04-20,64994.44140625,65442.45703125,63172.40234375,63851.1015625,23097485495,0.018026421268684478
2024-04-21,64926.64453125,65723.2421875,64277.72265625,64992.81640625,20506644853,-0.0010431180502996629
2024-04-22,66837.6796875,67233.9609375,64548.1796875,64935.6328125,28282686673,0.029433758205850147
2024-04-23,66407.2734375,67199.2421875,65864.8671875,66839.890625,24310975583,-0.006439574982440521
2024-04-24,64276.8984375,67075.3671875,63589.87109375,66408.71875,30276655120,-0.03208044676017341
2024-04-25,64481.70703125,65275.20703125,62783.6328125,64275.01953125,32155786816,0.0031863484195515657
2024-04-26,63755.3203125,64789.65625,63322.3984375,64485.37109375,24139372950,-0.011265004482557628
2024-04-27,63419.140625,63898.36328125,62424.71875,63750.98828125,19530783039,-0.005272966802647994
2024-04-28,63113.23046875,64321.484375,62793.59765625,63423.515625,17334827993,-0.004823625063903991
2024-04-29,63841.12109375,64174.87890625,61795.45703125,63106.36328125,26635912073,0.011533090916022948
2024-04-30,60636.85546875,64703.33203125,59120.06640625,63839.41796875,37840840057,-0.050191249309274655
2024-05-01,58254.01171875,60780.5,56555.29296875,60609.49609375,48439780271,-0.03929695449375714
2024-05-02,59123.43359375,59602.296875,56937.203125,58253.703125,32711813559,0.014924669552331737
2024-05-03,62889.8359375,63320.50390625,58848.3125,59122.30078125,33172023048,0.06370405294167747
2024-05-04,63891.47265625,64494.95703125,62599.3515625,62891.03125,20620477992,0.015926845790239064
2024-05-05,64031.1328125,64610.890625,62955.3046875,63892.453125,18296164805,0.002185896653241981
2024-05-06,63161.94921875,65494.90234375,62746.23828125,64038.3125,28697928697,-0.013574390387488533
2024-05-07,62334.81640625,64390.45703125,62285.98046875,63162.76171875,25930730982,-0.01309542885757653
2024-05-08,61187.94140625,62986.0859375,60877.12890625,62332.640625,26088172222,-0.018398626419713127
2024-05-09,63049.9609375,63404.9140625,60648.07421875,61191.19921875,25453338161,0.03043115176709965
2024-05-10,60792.77734375,63446.7421875,60208.78125,63055.19140625,27804954694,-0.035799920573900024
2024-05-11,60793.7109375,61451.15234375,60492.625,60793.35546875,13842272968,1.5356984674586016e-05
2024-05-12,61448.39453125,61818.15625,60632.6015625,60793.50390625,13800459405,0.010768936188532141
2024-05-13,62901.44921875,63422.66015625,60769.83984375,61451.21875,27889181179,0.023646747788683697
2024-05-14,61552.7890625,63092.125,61123.765625,62900.7734375,28186271527,-0.02144084393922019
2024-05-15,66267.4921875,66454.453125,61330.41015625,61553.98828125,39815167074,0.07659609250545496
2024-05-16,65231.58203125,66712.4296875,64613.0546875,66256.109375,31573077994,-0.01563225228621834
2024-05-17,67051.875,67459.4609375,65119.31640625,65231.296875,28031279310,0.02790508695432159
2024-05-18,66940.8046875,67387.328125,66663.5,67066.2109375,16712277406,-0.0016564833198177142
2024-05-19,66278.3671875,67694.296875,65937.1796875,66937.9296875,19249094538,-0.009895869986810912
2024-05-20,71448.1953125,71483.5625,66086.171875,66278.7421875,43850655717,0.07800174241430358
2024-05-21,70136.53125,71946.4609375,69191.125,71443.0625,46932005990,-0.018358253231772315
2024-05-22,69122.3359375,70623.6953125,68977.6953125,70135.3203125,32802561717,-0.01446030042296964
2024-05-23,67929.5625,70041.2734375,66356.953125,69121.3046875,41895680979,-0.017255976976508713
2024-05-24,68526.1015625,69220.296875,66622.671875,67928.1328125,29197308153,0.008781729788116976
2024-05-25,69265.9453125,69579.3203125,68515.8203125,68526.921875,15473071741,0.010796524727518797
2024-05-26,68518.09375,69506.2265625,68183.890625,69264.2890625,15628433737,-0.010796814497022966
2024-05-27,69394.5546875,70597.8828125,68232.5,68512.1796875,25870990717,0.012791671360530277
2024-05-28,68296.21875,69514.640625,67227.15625,69392.1953125,32722265965,-0.015827408107827234
2024-05-29,67578.09375,68852.4609375,67101.4921875,68296.3515625,26707072906,-0.01051485738366742
2024-05-30,68364.9921875,69500.5390625,67118.078125,67576.0859375,29509712534,0.011644282841286824
2024-05-31,67491.4140625,68999.5625,66633.421875,68362.515625,27387283769,-0.012778150001159894
2024-06-01,67706.9375,67839.765625,67386.1953125,67489.609375,11641495604,0.0031933460054698326
2024-06-02,67751.6015625,68409.1640625,67315.5234375,67710.2734375,17110588415,0.0006596674454519835
2024-06-03,68804.78125,70230.8203125,67589.8359375,67753.8984375,32401285324,0.015544720172089965
2024-06-04,70567.765625,71047.40625,68564.640625,68804.5703125,33149696545,0.025622992224831664
2024-06-05,71082.8203125,71735.4140625,70390.7109375,70568.3515625,32810771409,0.007298724608017615
2024-06-06,70757.1640625,71625.734375,70119.125,71082.84375,25223152007,-0.004581363662391591
2024-06-07,69342.5859375,71907.8515625,68507.2578125,70759.1875,36188381096,-0.01999201273457618
2024-06-08,69305.7734375,69533.3203125,69210.7421875,69324.1796875,14262185861,-0.0005308786729295578
2024-06-09,69647.9921875,69817.5234375,69160.84375,69297.4921875,13534028500,0.00493781012787653
2024-06-10,69512.28125,70146.0703125,69232.421875,69644.3125,20597699541,-0.0019485261992140401
2024-06-11,67332.03125,69549.4140625,66123.6015625,69508.078125,37116136345,-0.03136496113771259
2024-06-12,68241.1875,69977.890625,66902.453125,67321.375,34497940694,0.013502581655740586
2024-06-13,66756.3984375,68365.78125,66304.5625,68243.1015625,28955204146,-0.021757960505889518
2024-06-14,66011.09375,67294.6484375,65056.89453125,66747.5703125,27403884779,-0.011164543099157487
2024-06-15,66191.0,66402.1875,65871.7734375,66006.7421875,14121265576,0.0027253941690672523
2024-06-16,66639.046875,66894.84375,66018.25,66189.359375,13281140541,0.006768999939568809
2024-06-17,66490.296875,67188.3203125,65094.96484375,66636.515625,30006354476,-0.0022321747830370553
2024-06-18,65140.74609375,66556.703125,64066.95703125,66490.9765625,39481285950,-0.02029695827328193
2024-06-19,64960.296875,65695.3515625,64693.30078125,65146.66015625,21103423504,-0.0027701435671353414
2024-06-20,64828.65625,66438.9609375,64547.84765625,64960.296875,25641109124,-0.00202647819256907
2024-06-21,64096.19921875,65007.546875,63378.89453125,64837.98828125,26188171739,-0.011298352821403679
2024-06-22,64252.578125,64475.46875,63929.7578125,64113.86328125,9858198793,0.0024397531859308152
2024-06-23,63180.796875,64491.703125,63180.796875,64248.96484375,11170471802,-0.01668075089399379
2024-06-24,60277.4140625,63292.52734375,58601.69921875,63173.3515625,43152133651,-0.04595356431233677
2024-06-25,61804.640625,62258.26171875,60239.75,60266.28125,29201215431,0.025336630415439876
2024-06-26,60811.27734375,62434.13671875,60695.1875,61789.67578125,22506003064,-0.016072632592061153
2024-06-27,61604.80078125,62293.86328125,60585.33203125,60811.2265625,21231745045,0.013048951973404943
2024-06-28,60320.13671875,62126.09765625,59985.40234375,61612.8046875,24952866877,-0.020853310881755127
2024-06-29,60887.37890625,61097.62109375,60300.96484375,60319.875,12652903396,0.009403861104374522
2024-06-30,62678.29296875,62892.828125,60632.94921875,60888.4453125,17333226409,0.029413551620566913
2024-07-01,62851.98046875,63777.2265625,62495.51171875,62673.60546875,25468379421,0.002771094932125795
2024-07-02,62029.015625,63203.359375,61752.74609375,62844.41015625,20151616992,-0.013093697885290578
2024-07-03,60173.921875,62187.703125,59419.38671875,62034.33203125,29756701685,-0.02990687070088416
2024-07-04,56977.703125,60399.67578125,56777.8046875,60147.13671875,41149609230,-0.05311634426354228
2024-07-05,56662.375,57497.15234375,53717.375,57022.80859375,55417544033,-0.005534237213954074
2024-07-06,58303.5390625,58472.546875,56038.9609375,56659.07421875,20610320577,0.02896391234041995
2024-07-07,55849.109375,58371.12109375,55793.32421875,58239.4296875,20553359505,-0.042097439142912196
2024-07-08,56705.09765625,58131.3359375,54321.01953125,55849.57421875,39766159899,0.015326802715911692
2024-07-09,58009.2265625,58239.1953125,56316.875,56704.59765625,27849512607,0.02299844211812685
2024-07-10,57742.49609375,59359.43359375,57178.4140625,58033.8828125,26175260526,-0.004598069730556098
2024-07-11,57344.9140625,59299.43359375,57120.37890625,57729.890625,28707803842,-0.006885432015347748
2024-07-12,57899.46484375,58532.5546875,56590.17578125,57341.1953125,25604805221,0.009670444019596935
2024-07-13,59231.953125,59787.078125,57796.44140625,57908.73828125,17080061806,0.023013827240820017
2024-07-14,60787.79296875,61329.52734375,59225.25,59225.25,22223416061,0.026266900915231206
2024-07-15,64870.15234375,64870.15234375,60704.9296875,60815.45703125,38094526099,0.06715755212726138
2024-07-16,65097.1484375,65354.33984375,62487.96875,64784.41796875,41617346768,0.003499237870556282
2024-07-17,64118.79296875,66066.734375,63896.0859375,65091.83203125,32525071311,-0.01502916014346345
2024-07-18,63974.06640625,65104.66015625,63246.1640625,64104.73828125,27239305337,-0.0022571629283560934
2024-07-19,66710.15625,67442.640625,63329.34375,63972.32421875,37003855410,0.042768734230136385
2024-07-20,67163.6484375,67610.734375,66299.6171875,66709.921875,19029581250,0.0067979482134701286
2024-07-21,68154.5234375,68372.90625,65842.296875,67164.9140625,26652190004,0.014753144342986024
2024-07-22,67585.25,68480.0625,66611.296875,68152.9765625,42649109453,-0.00835268752223095
2024-07-23,65927.671875,67779.015625,65484.4609375,67584.8046875,35605668666,-0.02452573786440093
2024-07-24,65372.1328125,67113.984375,65146.99609375,65927.859375,27470942309,-0.008426492953570563
2024-07-25,65777.2265625,66112.421875,63473.47265625,65375.875,38315761670,0.00619673448871394
2024-07-26,67912.0625,68207.6015625,65743.765625,65771.8125,30488630457,0.032455548053117234
2024-07-27,67813.3359375,69398.5078125,66705.21875,67911.8125,34691905492,-0.0014537411892032726
2024-07-28,68255.8671875,68301.8515625,67085.828125,67808.65625,18043166945,0.006525726007755361
2024-07-29,66819.9140625,69987.5390625,66532.59375,68259.0546875,40780682628,-0.021037797689324123
2024-07-30,66201.015625,66987.671875,65323.19140625,66819.0546875,31380492109,-0.009262185475442442
2024-07-31,64619.25,66810.2109375,64532.046875,66201.2734375,31292785994,-0.023893373992326827
2024-08-01,65357.5,65593.2421875,62248.94140625,64625.83984375,40975554494,0.011424614182306447
2024-08-02,61415.06640625,65523.22265625,61184.89453125,65353.5,43060875727,-0.06032105869640059
2024-08-03,60680.09375,62148.37109375,59836.52734375,61414.80859375,31753030589,-0.011967302150066583
2024-08-04,58116.9765625,61062.98828125,57210.8046875,60676.09375,31758917219,-0.04223983565450573
2024-08-05,53991.45703125,58268.828125,49121.23828125,58110.296875,108991085584,-0.07098647891315102
2024-08-06,56034.31640625,57059.91796875,53973.2734375,53991.34765625,49300484106,0.03783671505322772
2024-08-07,55027.4609375,57726.8828125,54620.5078125,56040.6328125,41637562185,-0.017968550940289485
2024-08-08,61710.13671875,62673.765625,54766.7265625,55030.02734375,45298472567,0.12144256099404904
2024-08-09,60880.11328125,61751.86328125,59587.859375,61728.20703125,33425553115,-0.013450358103773374
2024-08-10,60945.8125,61464.51171875,60287.56640625,60881.23046875,15745822278,0.001079157301276501
2024-08-11,58719.484375,61778.66015625,58348.82421875,60944.890625,22759754812,-0.036529632368097475
2024-08-12,59354.515625,60680.33203125,57688.8984375,58719.39453125,37078637820,0.010814659848586317
2024-08-13,60609.56640625,61572.3984375,58506.25390625,59356.20703125,30327698167,0.021144992390795814
2024-08-14,58737.26953125,61687.7578125,58472.875,60611.05078125,29961696180,-0.0308911115194338
2024-08-15,57560.09765625,59838.6484375,56161.59375,58733.26171875,35682112440,-0.020041310813293967
2024-08-16,58894.10546875,59847.359375,57110.01953125,57560.2734375,29350938673,0.023175912946963972
2024-08-17,59478.97265625,59694.66796875,58814.83203125,58893.53125,13589684021,0.00993082725079053
2024-08-18,58483.96484375,60262.71875,58445.40234375,59468.1328125,17740625837,-0.016728732324455264
2024-08-19,59493.453125,59612.66015625,57864.7109375,58480.7109375,25911207712,0.01726094125025579
2024-08-20,59012.79296875,61396.328125,58610.8828125,59493.453125,31613400008,-0.008079210921579816
2024-08-21,61175.19140625,61834.3515625,58823.4453125,59014.98828125,32731154072,0.03664287570061453
2024-08-22,60381.9140625,61408.109375,59815.25390625,61168.31640625,27625734377,-0.012967304646127387
2024-08-23,64094.35546875,64947.0625,60372.05078125,60380.953125,42530509233,0.061482671821355916
2024-08-24,64178.9921875,64513.7890625,63619.91796875,64103.87109375,21430585163,0.0013205019089592707
2024-08-25,64333.54296875,64996.421875,63833.51953125,64176.3671875,18827683555,0.0024081210374646833
2024-08-26,62880.66015625,64489.70703125,62849.55859375,64342.2265625,27682040631,-0.022583597070127692
2024-08-27,59504.1328125,63210.796875,58116.75,62879.70703125,39103882198,-0.05369739018896724
2024-08-28,59027.625,60236.44921875,57890.67578125,59507.92578125,40289564698,-0.00800797843742207
2024-08-29,59388.1796875,61184.08203125,58786.2265625,59027.46875,32224990582,0.006108236397788236
2024-08-30,59119.4765625,59896.88671875,57768.53125,59388.6015625,32292756405,-0.004524521990973862
2024-08-31,58969.8984375,59432.59375,58768.78515625,59117.48046875,12403470760,-0.002530098940268344
2024-09-01,57325.48828125,59062.0703125,57217.82421875,58969.80078125,24592449997,-0.027885585694078285
2024-09-02,59112.48046875,59403.0703125,57136.02734375,57326.96875,27036454524,0.031172733823612075
2024-09-03,57431.0234375,59815.05859375,57425.16796875,59106.19140625,26666961053,-0.02844504270361159
2024-09-04,57971.5390625,58511.5703125,55673.1640625,57430.34765625,35627680312,0.00941156177702851
2024-09-05,56160.48828125,58300.58203125,55712.453125,57971.703125,31030280656,-0.031240343288065575
2024-09-06,53948.75390625,56976.109375,52598.69921875,56160.19140625,49361693566,-0.03938239218868078
2024-09-07,54139.6875,54838.14453125,53740.0703125,53949.0859375,19061486526,0.003539165966313096
2024-09-08,54841.56640625,55300.859375,53653.7578125,54147.93359375,18268287531,0.012964221602682846
2024-09-09,57019.53515625,58041.125,54598.43359375,54851.88671875,34618096173,0.039713831911113884
2024-09-10,57648.7109375,58029.9765625,56419.4140625,57020.09765625,28857630507,0.011034389872275785
2024-09-11,57343.171875,57991.3203125,55567.33984375,57650.2890625,37049062672,-0.005300015516934153
2024-09-12,58127.01171875,58534.359375,57330.1015625,57343.171875,33835707949,0.013669279499548104
2024-09-13,60571.30078125,60648.0234375,57650.11328125,58130.32421875,32490528356,0.04205082955798245
2024-09-14,60005.12109375,60656.72265625,59517.8828125,60569.1171875,16428405496,-0.00934732588201681
2024-09-15,59182.8359375,60381.91796875,58696.30859375,60000.7265625,18120960867,-0.013703582981947293
2024-09-16,58192.5078125,59205.51171875,57501.33984375,59185.2265625,32032822113,-0.016733367188517922
2024-09-17,60308.5390625,61316.08984375,57628.0703125,58192.5078125,38075570118,0.0363626062794542
2024-09-18,61649.6796875,61664.06640625,59218.25390625,60309.0,40990702891,0.02223798894564699
2024-09-19,62940.45703125,63872.44140625,61609.8671875,61651.15625,42710252573,0.020937291974474137
2024-09-20,63192.9765625,64119.53125,62364.60546875,62941.42578125,35177164222,0.004012038411551844
2024-09-21,63394.83984375,63543.359375,62783.10546875,63184.33984375,14408616220,0.003194394254405042
2024-09-22,63648.7109375,63993.421875,62440.7265625,63396.8046875,20183348802,0.004004601863112578
2024-09-23,63329.80078125,64733.55859375,62628.078125,63643.1015625,31400285425,-0.005010473135318549
2024-09-24,64301.96875,64695.21484375,62737.41796875,63326.83984375,29938335243,0.01535087678718594
2024-09-25,63143.14453125,64804.50390625,62945.375,64302.58984375,25078377700,-0.018021597802944433
2024-09-26,65181.01953125,65790.796875,62669.26953125,63138.546875,36873129847,0.032273891570151925
2024-09-27,65790.6640625,66480.6953125,64852.9921875,65180.6640625,32058813449,0.00935309904070647
2024-09-28,65887.6484375,66255.53125,65458.03515625,65792.1796875,15243637984,0.0014741358273548943
2024-09-29,65635.3046875,66069.34375,65450.015625,65888.8984375,14788214575,-0.003829909793174213
2024-09-30,63329.5,65635.0546875,62873.6171875,65634.65625,37112957475,-0.035130555094979754
2024-10-01,60837.0078125,64110.98046875,60189.27734375,63335.60546875,50220923500,-0.039357521968434894
2024-10-02,60632.78515625,62357.6875,59996.94921875,60836.32421875,40762722398,-0.0033568819965540397
2024-10-03,60759.40234375,61469.0390625,59878.8046875,60632.484375,36106447279,0.0020882627636797935
2024-10-04,62067.4765625,62465.9921875,60459.94140625,60754.625,29585472513,0.021528753876634443
2024-10-05,62089.94921875,62371.0234375,61689.58203125,62067.609375,13305410749,0.0003620681473552878
2024-10-06,62818.953125,62959.5703125,61833.1484375,62084.98828125,14776233667,0.011741093613744757
2024-10-07,62236.66015625,64443.70703125,62152.55078125,62819.109375,34253562610,-0.009269383518558882
2024-10-08,62131.96875,63174.3046875,61843.5625,62221.64453125,28134475157,-0.001682150134457161
2024-10-09,60582.1015625,62508.8359375,60314.61328125,62131.7265625,27670982363,-0.024944762232405493
2024-10-10,60274.5,61236.72265625,58895.20703125,60581.9296875,30452813570,-0.005077433013489285
2024-10-11,62445.08984375,63400.87109375,60046.125,60275.4609375,30327141594,0.036011743668549645
2024-10-12,63193.0234375,63448.78515625,62443.26953125,62444.6171875,16744110886,0.011977460447594401
2024-10-13,62851.375,63272.65234375,62035.63671875,63192.9453125,18177529690,-0.005406426515387475
2024-10-14,66046.125,66482.4921875,62442.15234375,62848.3984375,43706958056,0.050830232433260125
2024-10-15,67041.109375,67881.6796875,64809.1953125,66050.3671875,48863870879,0.015064992457922477
2024-10-16,67612.71875,68375.2890625,66758.7265625,67042.4609375,38195189534,0.008526251733136592
2024-10-17,67399.8359375,67912.2109375,66647.390625,67617.078125,32790898511,-0.0031485616380424464
2024-10-18,68418.7890625,68969.75,67177.8203125,67419.109375,36857165014,0.015118035686984221
2024-10-19,68362.734375,68668.0078125,68024.640625,68418.9765625,14443497908,-0.0008192879217548965
2024-10-20,69001.703125,69359.0078125,68105.71875,68364.1796875,18975847518,0.009346740674458287
2024-10-21,67367.8515625,69462.734375,66829.8515625,69002.0,37498611780,-0.023678423698328066
2024-10-22,67361.40625,67801.578125,66581.3671875,67360.703125,31808472566,-9.567341618454961e-05
2024-10-23,66432.1953125,67402.7421875,65188.03515625,67362.375,32263980353,-0.01379441121005398
2024-10-24,68161.0546875,68798.9609375,66454.1015625,66653.703125,31414428647,0.02602442034118191
2024-10-25,66642.4140625,68722.15625,65521.79296875,68165.296875,41469984306,-0.022280180844656217
2024-10-26,67014.6953125,67317.921875,66360.59375,66628.734375,19588098156,0.00558625096700216
2024-10-27,67929.296875,68221.3125,66847.2265625,67023.4765625,16721307878,0.01364777618155344
2024-10-28,69907.7578125,70212.265625,67535.1328125,67922.671875,38799856657,0.029125296867722028
2024-10-29,72720.4921875,73577.2109375,69729.9140625,69910.046875,58541874402,0.04023493905417541
2024-10-30,72339.5390625,72905.296875,71411.734375,72715.3671875,40646637831,-0.005238593875544262
2024-10-31,70215.1875,72662.3125,69590.5,72335.046875,40627912076,-0.029366396164960396
2024-11-01,69482.46875,71559.015625,68779.703125,70216.8984375,49989795365,-0.010435331387529279
2024-11-02,69289.2734375,69867.3515625,69033.71875,69486.0234375,18184612091,-0.0027804900426771084
2024-11-03,68741.1171875,69361.65625,67482.5234375,69296.3828125,34868307655,-0.00791112711687536
2024-11-04,67811.5078125,69433.1796875,66803.6484375,68742.1328125,41184819348,-0.013523338185854272
2024-11-05,69359.5625,70522.7890625,67458.8671875,67811.171875,46046889204,0.02282879023690776
2024-11-06,75639.078125,76460.15625,69322.03125,69358.5,118592653963,0.09053568676993895
2024-11-07,75904.859375,76943.1171875,74480.421875,75637.0859375,63467654989,0.003513808689745934
2024-11-08,76545.4765625,77252.75,75648.7421875,75902.8359375,55176858003,0.008439738809541852
2024-11-09,76778.8671875,76932.765625,75773.7890625,76556.1875,29009480361,0.0030490452928257916
2024-11-10,80474.1875,81474.421875,76565.4296875,76775.546875,82570594495,0.048129393514959595
2024-11-11,88701.484375,89604.5,80283.25,80471.4140625,117966845037,0.10223522760015435
2024-11-12,87955.8125,89956.8828125,85155.109375,88705.5625,133673285375,-0.008406532091926988
2024-11-13,90584.1640625,93434.3515625,86256.9296875,87929.96875,123559027869,0.029882636380625716
2024-11-14,87250.4296875,91765.21875,86682.8125,90574.8828125,87616705248,-0.03680261786927608
2024-11-15,91066.0078125,91868.7421875,87124.8984375,87284.1796875,78243109518,0.04373133907381366
2024-11-16,90558.4765625,91763.9453125,90094.2265625,91064.3671875,44333192814,-0.005573223886622736
2024-11-17,89845.8515625,91433.0390625,88741.6640625,90558.4609375,46350159305,-0.007869224693816235
2024-11-18,90542.640625,92596.7890625,89393.59375,89843.71875,75535775084,0.007755383808848215
2024-11-19,92343.7890625,94002.8671875,90426.984375,90536.8125,74521048295,0.019892819836786257
2024-11-20,94339.4921875,94902.0234375,91619.5,92341.890625,71730956426,0.02161166598491282
2024-11-21,98504.7265625,99014.21875,94132.6015625,94334.640625,106024505582,0.044151545428309014
2024-11-22,98997.6640625,99655.5,97222.6640625,98496.4296875,78473580551,0.005004201495724558
2024-11-23,97777.28125,99014.6796875,97232.890625,99006.7421875,44414644677,-0.012327389984975179
2024-11-24,98013.8203125,98647.1796875,95788.078125,97778.09375,51712020623,0.002419161787646784
2024-11-25,93102.296875,98935.03125,92642.9140625,98033.4453125,80909462490,-0.05011051933125821
2024-11-26,91985.3203125,94991.75,90770.8125,93087.28125,91656519855,-0.011997304040733403
2024-11-27,95962.53125,97361.1796875,91778.6640625,91978.140625,71133452438,0.04323745271515378
2024-11-28,95652.46875,96650.203125,94677.3515625,95954.9453125,52260008261,-0.0032310787967048116
2024-11-29,97461.5234375,98693.171875,95407.8828125,95653.953125,54968682476,0.018912786163713058
2024-11-30,96449.0546875,97499.34375,96144.21875,97468.8125,31634227866,-0.010388394458550332
2024-12-01,97279.7890625,97888.125,95770.1875,96461.3359375,36590695296,0.008613193542348574
2024-12-02,95865.3046875,98152.6015625,94482.8671875,97276.0078125,72680784305,-0.01454037255458307
2024-12-03,96002.1640625,96297.203125,93629.5625,95854.59375,67067810961,0.0014276215513644441
2024-12-04,98768.53125,99207.328125,94660.5234375,95988.53125,77199817112,0.02881567529768403
2024-12-05,96593.5703125,103900.46875,91998.78125,98741.5390625,149218945580,-0.022020788503929523
2024-12-06,99920.7109375,102039.8828125,96514.875,97074.2265625,94534772658,0.03444474217316973
2024-12-07,99923.3359375,100563.3828125,99030.8828125,99916.7109375,44177510897,2.627082989481444e-05
2024-12-08,101236.015625,101399.9921875,98771.515625,99921.9140625,44125751925,0.013136868131795154
2024-12-09,97432.71875,101272.5078125,94355.9140625,101237.0625,110676473908,-0.03756861480096407
2024-12-10,96675.4296875,98270.15625,94321.2578125,97441.234375,104823780634,-0.007772430783165474
2024-12-11,101173.03125,101913.359375,95747.2265625,96656.0625,85391409936,0.04652269534294651
2024-12-12,100043.0,102524.9140625,99339.953125,101167.8046875,72073983533,-0.011169293200355757
2024-12-13,101459.2578125,101888.8046875,99233.28125,100046.6484375,56894751583,0.014156490833941326
2024-12-14,101372.96875,102618.8828125,100634.0546875,101451.4375,40422968793,-0.0008504799301751742
2024-12-15,104298.6953125,105047.5390625,101227.03125,101373.53125,51145914137,0.02886101293644905
2024-12-16,106029.71875,107780.578125,103322.984375,104293.578125,91020417816,0.016596788984881483
2024-12-17,106140.6015625,108268.4453125,105291.734375,106030.6875,68589364868,0.001045771070669721
2024-12-18,100041.5390625,106470.609375,100041.5390625,106147.296875,93865656139,-0.057462106019896764
2024-12-19,97490.953125,102748.1484375,95587.6796875,100070.6875,97221662392,-0.025495268879325628
2024-12-20,97755.9296875,98098.9140625,92175.1796875,97484.6953125,105634083408,0.002717960528709318
2024-12-21,97224.7265625,99507.1015625,96426.5234375,97756.1953125,51765334294,-0.005433973434635808
2024-12-22,95104.9375,97360.265625,94202.1875,97218.3203125,43147981314,-0.021802983021374844
2024-12-23,94686.2421875,96416.2109375,92403.1328125,95099.390625,65239002919,-0.004402456102765462
2024-12-24,98676.09375,99404.0625,93448.015625,94684.34375,47114953674,0.04213760595334648
2024-12-25,99299.1953125,99478.75,97593.46875,98675.9140625,33700394629,0.0063146152104343045
2024-12-26,95795.515625,99884.5703125,95137.8828125,99297.6953125,47054980873,-0.03528406928650052
2024-12-27,94164.859375,97294.84375,93310.7421875,95704.9765625,52419934565,-0.017022260795415023
2024-12-28,95163.9296875,95525.8984375,94014.2890625,94160.1875,24107436185,0.010609799867287384
2024-12-29,93530.2265625,95174.875,92881.7890625,95174.0546875,29635885267,-0.017167251608511402
2024-12-30,92643.2109375,94903.3203125,91317.1328125,93527.1953125,56188003691,-0.00948373223930199
2024-12-31,93429.203125,96090.6015625,91914.03125,92643.25,43625106843,0.008484077565384274
2025-01-01,94419.7578125,94929.8671875,92788.125,93425.1015625,24519888919,0.010602195613021781
2025-01-02,96886.875,97739.8203125,94201.5703125,94416.2890625,46009564411,0.026129247147606893
2025-01-03,98107.4296875,98956.9140625,96034.6171875,96881.7265625,35611391163,0.012597729955682757
2025-01-04,98236.2265625,98734.4296875,97562.9765625,98106.9921875,22342608078,0.0013128146911018934
2025-01-05,98314.9609375,98813.3046875,97291.765625,98233.90625,20525254825,0.0008014800420892421
2025-01-06,102078.0859375,102482.875,97926.1484375,98314.953125,51823432705,0.03827621924594227
2025-01-07,96922.703125,102712.484375,96132.875,102248.8515625,58685738547,-0.05050430525956884
2025-01-08,95043.5234375,97258.3203125,92525.84375,96924.1640625,63875859171,-0.019388436629511285
2025-01-09,92484.0390625,95349.71875,91220.84375,95043.484375,62777261693,-0.026929603222076492
2025-01-10,94701.453125,95770.609375,92250.09375,92494.4921875,62058693684,0.023976181025154863
2025-01-11,94566.59375,94977.6875,93840.046875,94700.8359375,18860894100,-0.001424047578467369
2025-01-12,94488.4375,95367.5390625,93712.5078125,94565.7265625,20885130965,-0.0008264678561502592
2025-01-13,94516.5234375,95837.0,89260.1015625,94488.890625,72978998252,0.00029724205673309356
2025-01-14,96534.046875,97352.6640625,94322.15625,94519.0078125,53769675818,0.021345722040169157
2025-01-15,100504.4921875,100697.234375,96501.640625,96534.046875,57805923627,0.041129999632577796
2025-01-16,99756.90625,100781.5859375,97364.4453125,100505.296875,54103781805,-0.0074383335632930425
2025-01-17,104462.0390625,105884.2265625,99948.90625,100025.765625,71888972663,0.04716598568833419
2025-01-18,104408.0703125,104913.203125,102226.6171875,104124.953125,50445655726,-0.000516635042589142
2025-01-19,101089.609375,106299.796875,99570.53125,104411.2890625,76789928525,-0.03178356737719257
2025-01-20,102016.6640625,109114.8828125,99471.359375,101083.75,126279678351,0.009170622908047932
2025-01-21,106146.265625,107180.921875,100103.953125,102052.578125,88733878242,0.040479676535688514
2025-01-22,103653.0703125,106294.34375,103360.265625,106136.3828125,53878181052,-0.023488299826845638
2025-01-23,103960.171875,106820.328125,101257.8046875,103657.671875,104104515428,0.002962783076025932
2025-01-24,104819.484375,107098.546875,102772.125,103965.671875,52388229265,0.008265785680243276
2025-01-25,104714.6484375,105243.7890625,104120.375,104824.03125,23888996502,-0.0010001569662844156
2025-01-26,102682.5,105438.6484375,102507.7109375,104713.2109375,22543395879,-0.019406534499448846
2025-01-27,102087.6875,103214.109375,97795.9375,102680.3046875,89006608428,-0.005792734886665207
2025-01-28,101332.4765625,103730.8203125,100238.1875,102095.4140625,47180685494,-0.007397669160641884
2025-01-29,103703.2109375,104750.8046875,101283.8203125,101317.5234375,47432049818,0.023395602825692086
2025-01-30,104735.3046875,106418.765625,103321.6484375,103709.3359375,41915744521,0.009952379879751394
2025-01-31,102405.0234375,106026.3515625,101543.8828125,104737.5625,45732764360,-0.022249243050878498
2025-02-01,100655.90625,102755.7265625,100297.7109375,102402.796875,27757944848,-0.017080384621634526
2025-02-02,97688.9765625,101430.6640625,96216.078125,100661.5390625,63091816853,-0.02947596219670423
2025-02-03,101405.421875,102514.171875,91242.890625,97681.1015625,115400897748,0.03804365081173988
2025-02-04,97871.8203125,101745.6171875,96208.109375,101398.71875,73002130211,-0.034846278405663456
2025-02-05,96615.4453125,99113.2109375,96174.828125,97878.0078125,49125911241,-0.012836943218062724
2025-02-06,96593.296875,99168.609375,95707.3515625,96610.640625,45302471947,-0.00022924323774897726
2025-02-07,96529.0859375,100154.140625,95653.8828125,96581.3203125,55741290456,-0.0006647556256734743
2025-02-08,96482.453125,96877.8046875,95702.4921875,96533.2578125,22447526395,-0.00048309597099249757
2025-02-09,96500.09375,97325.28125,94745.2578125,96481.3125,27732901800,0.00018283765004545316
2025-02-10,97437.5546875,98333.21875,95320.84375,96499.4609375,40078962391,0.009714611676219231
2025-02-11,95747.4296875,98492.8984375,94875.0390625,97438.1328125,37488783272,-0.017345724709743937
2025-02-12,97885.859375,98151.0234375,94101.203125,95745.6953125,49340445530,0.02233406885677658
2025-02-13,96623.8671875,98111.0859375,95269.7109375,97888.75,37147280860,-0.012892487184132717
2025-02-14,97508.96875,98819.46875,96342.8046875,96623.3671875,32697987277,0.009160278803397981
2025-02-15,97580.3515625,97975.0390625,97240.1953125,97508.3828125,17047266288,0.0007320640697474623
2025-02-16,96175.03125,97725.59375,96060.9765625,97580.4921875,16536755396,-0.014401672980240199
2025-02-17,95773.3828125,97032.234375,95243.546875,96179.0078125,27336550690,-0.004176223623530095
2025-02-18,95539.546875,96695.375,93388.8359375,95773.8125,37325720482,-0.0024415545387781457
2025-02-19,96635.609375,96855.59375,95011.96875,95532.53125,28990872862,0.011472343504350446
2025-02-20,98333.9375,98767.1953125,96442.671875,96632.6796875,31668022771,0.017574558032842136
2025-02-21,96125.546875,99497.96875,94852.9609375,98340.671875,49608706470,-0.02245807176184722
2025-02-22,96577.7578125,96950.15625,95765.34375,96134.203125,18353824477,0.0047043783073406065
2025-02-23,96273.921875,96671.875,95270.453125,96577.8046875,16999478976,-0.0031460239332733453
2025-02-24,91418.171875,96503.453125,91371.7421875,96277.9609375,44046480529,-0.05043681513571874
2025-02-25,88736.171875,92511.078125,86008.234375,91437.1171875,92139104128,-0.029337712021491935
2025-02-26,84347.0234375,89286.25,82131.8984375,88638.890625,64597492134,-0.04946290046952739
2025-02-27,84704.2265625,87000.78125,83144.9609375,84076.859375,52659591954,0.004234922709094535
2025-02-28,84373.0078125,85036.3203125,78248.9140625,84705.625,83610570576,-0.003910297790814532
2025-03-01,86031.9140625,86522.3046875,83794.234375,84373.8671875,29190628396,0.019661575342751147
2025-03-02,94248.3515625,95043.4375,85040.2109375,86036.2578125,58398341092,0.09550452979612856
2025-03-03,86065.671875,94429.75,85081.3046875,94248.421875,70072228536,-0.08682040111941614
2025-03-04,87222.1953125,88911.2734375,81529.2421875,86064.0703125,68095241474,0.013437685575495406
2025-03-05,90623.5625,90998.2421875,86379.7734375,87222.953125,50498988027,0.03899657851208138
2025-03-06,89961.7265625,92804.9375,87852.140625,90622.359375,47749810486,-0.007303133084179958
2025-03-07,86742.671875,91191.046875,84717.6796875,89963.28125,65945677657,-0.0357824911826653
2025-03-08,86154.59375,86847.265625,85247.484375,86742.65625,18206118081,-0.006779571257010009
2025-03-09,80601.0390625,86471.1328125,80052.484375,86154.3046875,30899345977,-0.0644603432710168
2025-03-10,78532.0,83955.9296875,77420.59375,80597.1484375,54061099422,-0.02567012890361897
2025-03-11,82862.2109375,83577.7578125,76624.25,78523.875,54702837196,0.05513944554449135
2025-03-12,83722.359375,84358.578125,80635.25,82857.375,40353484454,0.010380466895202334
2025-03-13,81066.703125,84301.6953125,79931.8515625,83724.921875,31412940153,-0.0317197970748182
2025-03-14,83969.1015625,85263.2890625,80797.5625,81066.9921875,29588112414,0.03580259620308812
2025-03-15,84343.109375,84672.671875,83639.59375,83968.40625,13650491277,0.004454112352525463
2025-03-16,82579.6875,85051.6015625,82017.90625,84333.3203125,21330270174,-0.020907717157540473
2025-03-17,84075.6875,84725.328125,82492.15625,82576.3359375,25092785558,0.018115835083536647
2025-03-18,82718.5,84075.71875,81179.9921875,84075.71875,24095774594,-0.016142449028442418
2025-03-19,86854.2265625,87021.1875,82569.7265625,82718.8046875,34931960257,0.049997601050550955
2025-03-20,84167.1953125,87443.265625,83647.1953125,86872.953125,29028988961,-0.030937253791171848
2025-03-21,84043.2421875,84782.2734375,83171.0703125,84164.5390625,19030452299,-0.0014727011460912154
2025-03-22,83832.484375,84513.875,83674.78125,84046.2578125,9863214091,-0.0025077306278807887
2025-03-23,86054.375,86094.78125,83794.9140625,83831.8984375,12594615537,0.026503933905394295
2025-03-24,87498.9140625,88758.7265625,85541.1953125,86070.9296875,34582604933,0.016786352378946434
2025-03-25,87471.703125,88542.3984375,86346.078125,87512.8203125,30005840049,-0.0003109860024155253
2025-03-26,86900.8828125,88292.15625,85861.453125,87460.234375,26704046038,-0.00652577110204744
2025-03-27,87177.1015625,87786.7265625,85837.9375,86896.2578125,24413471941,0.003178549412391707
2025-03-28,84353.1484375,87489.859375,83557.640625,87185.234375,34198619509,-0.032393289916566204
2025-03-29,82597.5859375,84567.3359375,81634.140625,84352.0703125,16969396135,-0.020812056603918605
2025-03-30,82334.5234375,83505.0,81573.25,82596.984375,14763760943,-0.0031848691098436133
2025-03-31,82548.9140625,83870.125,81293.890625,82336.0625,29004228247,0.0026038970780313253
2025-04-01,85169.171875,85487.3671875,82429.359375,82551.921875,28175650319,0.0317418810684309
2025-04-02,82485.7109375,88466.953125,82343.5390625,85180.609375,47584398470,-0.031507420800550134
2025-04-03,83102.828125,83909.296875,81282.1015625,82487.4765625,36852112080,0.007481504135517403
2025-04-04,83843.8046875,84696.1484375,81670.75,83100.25,45157640207,0.008916382019940938
2025-04-05,83504.796875,84207.015625,82377.734375,83844.703125,14380803631,-0.004043325726492686
2025-04-06,78214.484375,83704.71875,77097.7421875,83504.5078125,36294853736,-0.06335339642726368
2025-04-07,79235.3359375,81119.0625,74436.6796875,78221.3359375,91262424987,0.013051950296130821
2025-04-08,76271.953125,80823.890625,76198.0234375,79218.4765625,48314590749,-0.03739976334343409
2025-04-09,82573.953125,83541.0,74589.671875,76273.5625,84213627038,0.0826253916648998
2025-04-10,79626.140625,82700.9296875,78456.1328125,82565.9765625,44718000633,-0.0356990599146636
2025-04-11,83404.8359375,84247.4765625,78936.3203125,79625.046875,41656778779,0.04745546227457886
2025-04-12,85287.109375,85856.1875,82769.375,83404.515625,24258059104,0.022567917271733462
2025-04-13,83684.9765625,86015.1875,83027.0078125,85279.46875,28796984817,-0.01878516957885823
2025-04-14,84542.390625,85785.0,83690.640625,83694.5234375,34090769777,0.010245734631468162
2025-04-15,83668.9921875,86429.3515625,83598.8203125,84539.6953125,28040322885,-0.01033089354397465
2025-04-16,84033.8671875,85428.28125,83100.6171875,83674.5078125,29617804112,0.004360934564412222
2025-04-17,84895.75,85449.0703125,83749.75,84030.671875,21276866029,0.01025637449930672
2025-04-18,84450.8046875,85095.046875,84298.8828125,84900.1875,12728372364,-0.005241078764249063
2025-04-19,85063.4140625,85597.703125,84353.4609375,84450.8671875,15259300427,0.007254038339443714
2025-04-20,85174.3046875,85306.3828125,83976.84375,85066.0703125,14664050812,0.0013036230231544543
2025-04-21,87518.90625,88460.09375,85143.8359375,85171.5390625,41396190190,0.027527099529631727
2025-04-22,93441.890625,93817.3828125,87084.53125,87521.875,55899038456,0.06767662701452015
2025-04-23,93699.109375,94535.734375,91962.9609375,93427.5859375,41719568821,0.0027527134594511615
2025-04-24,93943.796875,94016.1953125,91696.7109375,93692.3984375,31483175315,0.0026114175645013393
2025-04-25,94720.5,95768.390625,92898.59375,93954.25,40915232364,0.008267742531563593
2025-04-26,94646.9296875,95251.359375,93927.25,94714.6484375,17612825123,-0.0007767095032226168
2025-04-27,93754.84375,95301.203125,93665.3984375,94660.90625,18090367764,-0.00942540809771053
2025-04-28,94978.75,95598.4921875,92860.8046875,93755.3046875,32363449569,0.013054325526514532
2025-04-29,94284.7890625,95485.4140625,93796.6328125,94981.859375,25806129921,-0.007306486319308303
2025-04-30,94207.3125,95249.3203125,92979.640625,94286.46875,28344679831,-0.0008217291810309613
2025-05-01,96492.3359375,97437.9609375,94153.6328125,94212.859375,32875889623,0.02425526614507767
2025-05-02,96910.0703125,97905.8984375,96375.9453125,96494.96875,26421924677,0.0043291974532626565
2025-05-03,95891.796875,96943.8828125,95821.2890625,96904.6328125,15775154889,-0.010507405827035687
2025-05-04,94315.9765625,96318.921875,94173.4296875,95877.1875,18198688416,-0.016433317174712747
2025-05-05,94748.0546875,95193.1875,93566.265625,94319.5625,25816260327,0.0045811763897039
2025-05-06,96802.4765625,96889.1796875,93399.859375,94748.3828125,26551275827,0.02168299794413664
2025-05-07,97032.3203125,97625.8046875,95829.3359375,96800.1953125,76983822462,0.0023743581586117557
2025-05-08,103241.4609375,103969.5390625,96913.875,97034.25,69895404397,0.06399043746457878
2025-05-09,102970.8515625,104297.4921875,102343.09375,103239.125,58198593958,-0.002621130818400763
2025-05-10,104696.328125,104961.765625,102830.484375,102973.7109375,42276713994,0.016756941758927724
2025-05-11,104106.359375,104937.9921875,103364.7421875,104701.0703125,46285517406,-0.005635047193781384
2025-05-12,102812.953125,105747.453125,100814.40625,104106.9609375,63250475404,-0.01242389281274392
2025-05-13,104169.8125,104997.421875,101515.09375,102812.4921875,52608876410,0.013197358248725033
2025-05-14,103539.4140625,104303.5625,102618.296875,104167.328125,45956071155,-0.006051642240404331
2025-05-15,103744.640625,104153.6171875,101440.8125,103538.828125,50408241840,0.00198211052629782
2025-05-16,103489.2890625,104533.484375,103137.4765625,103735.65625,44386499364,-0.0024613470244020386
2025-05-17,103191.0859375,103716.9453125,102659.1796875,103489.2890625,37898552742,-0.0028814878109744146
2025-05-18,106446.0078125,106597.171875,103142.6015625,103186.953125,49887082058,0.03154266519659865
2025-05-19,105606.1796875,107068.71875,102112.6875,106430.53125,61761126647,-0.007889709931436006
2025-05-20,106791.0859375,107307.1171875,104206.515625,105605.40625,36515726122,0.011220046530480143
2025-05-21,109678.078125,110724.4609375,106127.234375,106791.3125,78086364051,0.027034018449719976
2025-05-22,111673.28125,111970.171875,109285.0703125,109673.4921875,70157575642,0.018191448638679386
2025-05-23,107287.796875,111798.90625,106841.3046875,111679.359375,67548133399,-0.03927066820202352
2025-05-24,107791.15625,109454.5234375,106895.2890625,107278.5078125,45903627163,0.004691674073487251
2025-05-25,109035.390625,109313.3046875,106683.375,107802.2734375,47518041841,0.011543009819045436
2025-05-26,109440.3671875,110376.8828125,108735.640625,109023.78125,45950461571,0.003714175371671846
2025-05-27,108994.640625,110744.2109375,107609.5546875,109440.40625,57450176272,-0.004072780217708405
2025-05-28,107802.328125,109298.2890625,106812.9296875,108992.171875,49155377493,-0.010939184653144474
2025-05-29,105641.7578125,108910.046875,105374.3984375,107795.5703125,56022752042,-0.020041963379443528
2025-05-30,103998.5703125,106308.9453125,103685.7890625,105646.2109375,57655287183,-0.015554336978341854
2025-05-31,104638.09375,104927.1015625,103136.1171875,103994.71875,38997843858,0.006149348357177731
2025-06-01,105652.1015625,105884.546875,103826.953125,104637.296875,37397056873,0.009690618169351017
2025-06-02,105881.53125,105958.3125,103727.546875,105649.8125,45819706290,0.0021715582000447764
2025-06-03,105432.46875,106813.578125,104920.84375,105888.4765625,46196508367,-0.004241178746647534
2025-06-04,104731.984375,105997.6953125,104232.703125,105434.3671875,44544857105,-0.0066439151364365845
2025-06-05,101575.953125,105936.6875,100436.8828125,104750.78125,57479298400,-0.030134359325224014
2025-06-06,104390.34375,105376.7734375,101169.5703125,101574.3671875,48856653697,0.027707252931573167
2025-06-07,105615.625,105972.7578125,103987.3125,104390.6484375,38365033776,0.011737496074678777
2025-06-08,105793.6484375,106497.0625,105075.328125,105617.5078125,36626232328,0.0016855786016509722
2025-06-09,110294.1015625,110561.421875,105400.234375,105793.0234375,55903193732,0.04253991795791734
2025-06-10,110257.234375,110380.125,108367.7109375,110295.6875,54700101509,-0.0003342625487465778
2025-06-11,108686.625,110384.21875,108086.328125,110261.796875,50842662052,-0.014244955298426398
2025-06-12,105929.0546875,108780.6953125,105785.6875,108685.9140625,54843867968,-0.025371753999169577
2025-06-13,106090.96875,106182.546875,102822.0234375,105924.59375,69550440846,0.0015285141831733462
2025-06-14,105472.40625,106203.7578125,104379.3671875,106108.0859375,38007870453,-0.0058304915798971235
2025-06-15,105552.0234375,106157.1015625,104519.8828125,105464.84375,36744307742,0.0007548627203146641
2025-06-16,106796.7578125,108915.375,104997.625,105555.59375,50366626945,0.011792615001237072
2025-06-17,104601.1171875,107750.1953125,103396.53125,106794.1171875,55964092176,-0.020559056941174436
2025-06-18,104883.328125,105581.8515625,103602.265625,104602.0703125,47318089133,0.0026979724986506692
2025-06-19,104684.2890625,105250.890625,103940.7734375,104886.7734375,37333806920,-0.0018977187896134229
2025-06-20,103309.6015625,106539.3828125,102372.2109375,104681.03125,50951862476,-0.013131746055793259
2025-06-21,102257.40625,104015.78125,100973.0625,103315.078125,38360555118,-0.010184874363913243
2025-06-22,100987.140625,103351.6328125,98286.203125,102212.03125,65536997201,-0.012422235919953284
2025-06-23,105577.7734375,106116.859375,99705.75,100987.4765625,65237759656,0.04545759771084712
2025-06-24,106045.6328125,106316.828125,104740.2421875,105571.515625,48822986421,0.004431419225533917
2025-06-25,107361.2578125,108168.3984375,105881.390625,106047.40625,51624120283,0.012406215749838134
2025-06-26,106960.0,108305.546875,106666.3515625,107375.0703125,43891990613,-0.003737454466123835
2025-06-27,107088.4296875,107772.46875,106449.9921875,106954.921875,45353692675,0.0012007263229245613
2025-06-28,107327.703125,107567.8828125,106883.9765625,107090.546875,30037708335,0.002234353778444831
2025-06-29,108385.5703125,108526.3046875,107230.109375,107327.8203125,35534874438,0.009856422495764683
2025-06-30,107135.3359375,108798.7890625,106759.6484375,108383.4375,42064804590,-0.011535062936840146
2025-07-01,105698.28125,107550.6796875,105270.2265625,107144.3828125,44110692247,-0.013413452013053329
2025-07-02,108859.3203125,109763.65625,105157.3984375,105703.1015625,56248657737,0.02990624847553991
2025-07-03,109647.9765625,110541.4609375,108605.796875,108845.015625,50494742270,0.007244728772290987
2025-07-04,108034.3359375,109751.984375,107296.3828125,109635.65625,42616442656,-0.014716556343200904
2025-07-05,108231.1796875,108381.34375,107842.2734375,108015.8359375,30615537520,0.0018220480395592098
2025-07-06,109232.0703125,109731.625,107847.015625,108231.1875,36746020463,0.009247710575546852
2025-07-07,108299.8515625,109710.25,107527.0546875,109235.328125,45415696597,-0.008534295352390808
2025-07-08,108950.2734375,109198.96875,107499.5546875,108298.2265625,44282204127,0.006005750382996888
2025-07-09,111326.5546875,111925.375,108357.6796875,108950.2734375,57927418065,0.021810695604753683
2025-07-10,115987.203125,116608.78125,110660.75,111329.1953125,95911605728,0.041864660687494615
2025-07-11,117516.9921875,118856.4765625,115245.6875,115986.234375,86928361085,0.013189291760499877
2025-07-12,117435.2265625,118219.8984375,116977.0234375,117530.7109375,45524560304,-0.0006957770402219454
2025-07-13,119116.1171875,119449.5703125,117265.4375,117432.203125,49021091807,0.014313342548076147
2025-07-14,119849.703125,123091.609375,118959.1953125,119115.7890625,181746419401,0.006158578325259345
2025-07-15,117777.1875,119935.5625,115765.6875,119853.8515625,98321661181,-0.01729262210051885
2025-07-16,118738.5078125,120065.515625,117064.8203125,117777.1875,72162029070,0.00816219450392297
2025-07-17,119289.84375,120999.609375,117508.21875,118738.5078125,72363841798,0.004643278306736054
2025-07-18,118003.2265625,120851.9140625,116925.984375,119284.109375,77945799785,-0.01078563897020779
2025-07-19,117939.9765625,118541.3984375,117388.4140625,117998.125,47564562765,-0.0005360022928398989
2025-07-20,117300.7890625,118865.03125,116550.1328125,117944.109375,57515447231,-0.00541960002562214
2025-07-21,117439.5390625,119671.5625,116584.3984375,117306.46875,69820091744,0.0011828564931994912
2025-07-22,119995.4140625,120269.96875,116233.2265625,117426.5,79217583118,0.02176332622218302
2025-07-23,118754.9609375,120113.3515625,117391.390625,119997.4453125,66608604537,-0.010337504434577038
2025-07-24,118368.0,119535.453125,117247.96875,118770.984375,72627318560,-0.0032584822936673197
2025-07-25,117635.8828125,118486.9765625,114759.8203125,118368.0,104857024569,-0.006185093838706357
2025-07-26,117947.3671875,118335.6875,117181.2265625,117644.84375,48508954046,0.002647868724685587
2025-07-27,119448.4921875,119815.59375,117859.6875,117944.7265625,54683390892,0.012727075099638885
2025-07-28,117924.4765625,119819.7890625,117441.4375,119457.5234375,64822943193,-0.012758768211219684
2025-07-29,117922.1484375,119273.8671875,116987.3671875,117938.5859375,68463107433,-1.9742508661990676e-05
2025-07-30,117831.1875,118780.7265625,115800.828125,117921.9921875,68896148592,-0.0007713643170961237
2025-07-31,115758.203125,118919.984375,115505.21875,117833.6328125,69370346018,-0.017592832754910526
2025-08-01,113320.0859375,116060.7734375,112724.4453125,115738.953125,91294530181,-0.021062154747402473
2025-08-02,112526.9140625,114021.6015625,112005.765625,113320.390625,56870866000,-0.006999393518263508
2025-08-03,114217.671875,114747.421875,111943.8046875,112525.8046875,48099615826,0.015025363723748075
2025-08-04,115071.8828125,115729.46875,114130.40625,114223.921875,35783028986,0.007478798363486527
2025-08-05,114141.4453125,115117.4375,112701.109375,115072.1875,61039182286,-0.008085706753543476
2025-08-06,115028.0,115737.8359375,113372.25,114140.9140625,56379133510,0.007767158415357134
2025-08-07,117496.8984375,117676.90625,114279.7109375,115030.0546875,64051649681,0.021463456180234486
2025-08-08,116688.7265625,117689.203125,115917.4609375,117505.5,59713005166,-0.0068782400705657
2025-08-09,116500.359375,117906.609375,116363.8359375,116678.2734375,54004312429,-0.0016142706587778388
2025-08-10,119306.7578125,119320.7109375,116485.1640625,116497.71875,64755458694,0.02408918266480664
2025-08-11,118731.4453125,122321.09375,118159.03125,119306.8125,90528784177,-0.004822128356753663
2025-08-12,120172.90625,120302.46875,118228.71875,118717.6640625,72803657984,0.012140515376580119
2025-08-13,123344.0625,123682.453125,118939.6328125,120168.9765625,90904808795,0.026388279596092357
2025-08-14,118359.578125,124457.1171875,117254.8828125,123339.3984375,104055627395,-0.040411222672351976
2025-08-15,117398.3515625,119332.3125,116864.5703125,118365.78125,68665353159,-0.008121240187970669
2025-08-16,117491.3515625,117996.0625,117271.953125,117398.421875,48036922378,0.0007921746665282559
2025-08-17,117453.0625,118595.7734375,117279.5234375,117492.7890625,45852169525,-0.00032588834829794244
2025-08-18,116252.3125,117614.171875,114723.6796875,117453.90625,72787808090,-0.01022323279139703
2025-08-19,112831.1796875,116764.5,112730.3984375,116241.859375,71657600353,-0.029428514056440758
2025-08-20,114274.7421875,114625.796875,112387.9609375,112828.0234375,67993811526,0.012794003430595335
2025-08-21,112419.03125,114802.6484375,111986.234375,114275.6875,57817883700,-0.01623902974513114
2025-08-22,116874.0859375,117377.3984375,111678.9453125,112433.734375,82528088240,0.03962900798880531
2025-08-23,115374.328125,116996.25,114536.109375,116866.3671875,55377142586,-0.012832252765613172
2025-08-24,113458.4296875,115615.0859375,111060.546875,115387.390625,73961489632,-0.016605933647771742
2025-08-25,110124.3515625,113637.84375,109324.28125,113456.8984375,85706860190,-0.029385900493979156
2025-08-26,111802.65625,112397.015625,108762.0390625,110124.1015625,69396320317,0.015240086898922645
2025-08-27,111222.0625,112619.4140625,110398.265625,111795.7109375,62137056409,-0.005193022862549412
2025-08-28,112544.8046875,113450.078125,110900.921875,111219.0546875,58860155962,0.01189280397942638
2025-08-29,108410.8359375,112619.0546875,107559.625,112550.5234375,77843379644,-0.036731759955323295
2025-08-30,108808.0703125,108929.3515625,107444.4453125,108409.40625,51486264208,0.003664157476186425
2025-08-31,108236.7109375,109491.0,108104.65625,108818.4609375,47986191770,-0.00525107534173741
2025-09-01,109250.59375,109890.5859375,107271.1796875,108228.75,66870372995,0.009367272930950854
2025-09-02,111200.5859375,111748.015625,108454.03125,109243.0703125,74776999491,0.017848801737061493
2025-09-03,111723.2109375,112600.2265625,110582.9609375,111190.6953125,61119643565,0.004699840343410866
2025-09-04,110723.6015625,112208.328125,109347.2265625,111718.1484375,60131132901,-0.008947195185422974
2025-09-05,110650.984375,113357.4921875,110233.3984375,110723.015625,60241647677,-0.0006558419928113235
2025-09-06,110224.6953125,111275.015625,110024.0859375,110650.5703125,21500719036,-0.0038525555367432407
2025-09-07,111167.6171875,111591.078125,110211.625,110221.328125,24618007520,0.008554542812086785
2025-09-08,112071.4296875,112869.234375,110630.609375,111163.015625,40212813407,0.008130177859939192
2025-09-09,111530.546875,113225.4375,110776.703125,112077.578125,45984480722,-0.004826232823193166
2025-09-10,113955.359375,114275.25,110940.078125,111531.25,56377473784,0.02174124101370767
2025-09-11,115507.5390625,115522.546875,113453.8359375,113961.4296875,45685065332,0.013620945043858246
2025-09-12,116101.578125,116769.3828125,114794.484375,115507.7890625,54785725894,0.005142859655061782
2025-09-13,115950.5078125,116334.6328125,115248.2734375,116093.5625,34549454947,-0.0013011908618274504
2025-09-14,115407.65625,116181.5,115222.3984375,115950.2890625,32798036057,-0.004681752350561785
2025-09-15,115444.875,116747.8828125,114461.0625,115399.6328125,52937859416,0.0003224981011604733
2025-09-16,116843.1875,117005.2734375,114813.09375,115423.7578125,45781744593,0.012112382641498831
2025-09-17,116468.5078125,117328.609375,114794.9765625,116840.5078125,60528025996,-0.0032066883445814875
2025-09-18,117137.203125,117911.7890625,116188.796875,116461.265625,49457272032,0.005741425944741474
2025-09-19,115688.859375,117479.7578125,115141.8203125,117137.671875,38828473971,-0.012364506846338497
2025-09-20,115721.9609375,116191.1484375,115473.5234375,115691.125,22864449614,0.0002861257573012477
2025-09-21,115306.09375,115901.0859375,115252.578125,115730.2265625,22495852193,-0.003593675600818802
2025-09-22,112748.5078125,115431.3125,112037.6484375,115309.21875,70684158591,-0.02218083931492132
2025-09-23,112014.5,113351.9140625,111535.5703125,112757.4765625,47211853279,-0.00651013327573835
2025-09-24,113328.6328125,113986.2734375,111229.640625,112007.6640625,48044595085,0.011731809832655538
2025-09-25,109049.2890625,113541.0859375,108713.3984375,113330.1640625,75528654284,-0.03776048156409062
2025-09-26,109712.828125,110359.1953125,108728.9765625,109041.296875,57738288949,0.0060847628462732395
2025-09-27,109681.9453125,109778.5,109144.296875,109707.140625,26308042910,-0.0002814877077529365
2025-09-28,112122.640625,112375.484375,109236.9453125,109681.9453125,33371048505,0.02225248016477188
2025-09-29,114400.3828125,114473.5703125,111589.953125,112117.875,60000147466,0.02031473906432546
2025-09-30,114056.0859375,114836.6171875,112740.5625,114396.5234375,58986330258,-0.003009577997342028
2025-10-01,118648.9296875,118648.9296875,113981.3984375,114057.59375,71328680132,0.04026829179914837
2025-10-02,120681.2578125,121086.40625,118383.15625,118652.3828125,71415163912,0.017128920845327356
2025-10-03,122266.53125,123944.703125,119344.3125,120656.984375,83941392228,0.013136036748664148
2025-10-04,122425.4296875,122857.640625,121577.5703125,122267.46875,36769171735,0.001299606980548873
2025-10-05,123513.4765625,125559.2109375,122191.9609375,122419.671875,73689317763,0.008887425412982486
2025-10-06,124752.53125,126198.0703125,123196.046875,123510.453125,72568881188,0.010031736794915869
2025-10-07,121451.3828125,125184.0234375,120681.96875,124752.140625,76149412513,-0.026461574802715715
2025-10-08,123354.8671875,124167.09375,121119.1796875,121448.3515625,65354305286,0.01567280940669602
2025-10-09,121705.5859375,123739.34375,119812.03125,123337.0703125,74653009425,-0.013370216251727518
2025-10-10,113214.3671875,122509.6640625,104582.4140625,121704.7421875,153125018868,-0.06976852117831744
2025-10-11,110807.8828125,113429.7265625,109760.5625,113236.4296875,110236934340,-0.02125599811033263
2025-10-12,115169.765625,115805.0625,109715.5390625,110811.515625,93710414091,0.03936437283871608
2025-10-13,115271.078125,116020.484375,113821.1875,115161.6796875,71582026739,0.000879679657679322
2025-10-14,113118.6640625,115502.8828125,110029.484375,115264.8828125,92212917403,-0.01867262888064536
2025-10-15,110783.1640625,113622.3828125,110235.8359375,113113.96875,72574132855,-0.02064646024028005
2025-10-16,108186.0390625,111990.8125,107537.03125,110782.171875,87306423067,-0.023443318504017374
2025-10-17,106467.7890625,109235.8046875,103598.4296875,108179.1328125,99703051669,-0.01588236351834038
2025-10-18,107198.265625,107490.984375,106387.453125,106483.734375,37779905278,0.006861009972426446
2025-10-19,108666.7109375,109488.9921875,106157.7890625,107204.3125,47657008953,0.013698405510000455
2025-10-20,110588.9296875,111711.03125,107485.015625,108667.4453125,63507793085,0.01768912239467313
2025-10-21,108476.890625,113996.34375,107534.75,110587.6328125,101194375480,-0.019098105646452646
2025-10-22,107688.5859375,109115.1328125,106778.0,108491.53125,80807013218,-0.007267028792566799
2025-10-23,110069.7265625,111288.59375,107548.4296875,107679.4375,54944076060,0.022111355667553845
2025-10-24,111033.921875,111842.53125,109770.1484375,110069.3515625,48160816980,0.008759859251149305
2025-10-25,111641.7265625,111947.703125,110704.40625,111032.6171875,24707667305,0.005474045023684315
2025-10-26,114472.4453125,115260.90625,111268.484375,111639.0546875,41708524143,0.025355383127430242
2025-10-27,114119.328125,116273.3125,113882.2890625,114479.8515625,61761358733,-0.0030847352525406047
2025-10-28,112956.1640625,116078.984375,112291.6796875,114129.0859375,64528066504,-0.01019252462848308
2025-10-29,110055.3046875,113642.7265625,109368.71875,112921.328125,62192043469,-0.025681284408657135
2025-10-30,108305.546875,111612.3515625,106376.6875,110059.1953125,69673964814,-0.015898895718551742
2025-10-31,109556.1640625,111031.8203125,108288.2734375,108304.4140625,60090359560,0.011547120379193476
2025-11-01,110064.015625,110574.8984375,109372.953125,109558.625,25871668762,0.004635536182247879
2025-11-02,110639.625,111167.3125,109523.453125,110064.4296875,34284209459,0.005229768982454308
2025-11-03,106547.5234375,110764.9140625,105336.359375,110646.90625,72852006359,-0.03698585893164408
2025-11-04,101590.5234375,107264.8828125,98962.0625,106541.421875,110967184773,-0.046523840630681046
2025-11-05,103891.8359375,104534.703125,98989.9140625,101579.234375,77584934804,0.02265282648549194
2025-11-06,101301.2890625,104147.3046875,100336.8671875,103893.6640625,63932752861,-0.02493503798083263
2025-11-07,103372.40625,104052.9140625,99257.0546875,101286.2421875,92168030081,0.020445121741957006
2025-11-08,102282.1171875,103373.5625,101458.0390625,103371.703125,51446691095,-0.010547196317199026
2025-11-09,104719.640625,105418.3671875,101468.875,102278.984375,59679243013,0.02383137448193029
2025-11-10,105996.59375,106564.6953125,104350.6484375,104723.7734375,69585887229,0.012194017448672767
2025-11-11,102997.46875,107428.2578125,102457.328125,105996.859375,71130078574,-0.028294541304540788
2025-11-12,101663.1875,105297.234375,100836.6171875,103011.4375,64347179408,-0.012954505253314763
2025-11-13,99697.4921875,104005.4921875,97988.71875,101674.1484375,101546815416,-0.01933536967351135
2025-11-14,94397.7890625,99804.4296875,94000.734375,99694.703125,114346441890,-0.053157837862490065
2025-11-15,95549.1484375,96728.46875,94420.46875,94420.46875,38500716654,0.012196889211437911
2025-11-16,94177.078125,96564.1875,92971.1640625,95556.8671875,71086235862,-0.01435983820826503
2025-11-17,92093.875,95928.3671875,91214.7578125,94180.875,94186165724,-0.02212006537551514
2025-11-18,92948.875,93745.078125,89300.4609375,92094.53125,101333569062,0.009284005043766586
2025-11-19,91465.9921875,92946.1640625,88526.828125,92946.1640625,80350354656,-0.015953746750565823
2025-11-20,86631.8984375,93025.0703125,86040.796875,91459.3515625,97970645638,-0.05285126891851111
2025-11-21,85090.6875,87380.8046875,80659.8125,86528.7734375,129157506112,-0.017790340109098413
2025-11-22,84648.359375,85503.0078125,83490.8984375,85098.5625,40793099246,-0.0051983141515926645
2025-11-23,86805.0078125,88038.46875,84641.7734375,84648.609375,58083435576,0.025477734635657168
2025-11-24,88270.5625,89206.3359375,85272.1953125,86798.7734375,74433896110,0.01688329653360121
2025-11-25,87341.890625,88457.3359375,86131.4296875,88269.9609375,64837343545,-0.010520742688141405
2025-11-26,90518.3671875,90581.15625,86316.8984375,87345.5859375,66496301869,0.03636830551491177
2025-11-27,91285.375,91897.578125,90089.515625,90517.765625,57040622845,0.008473504729832548
2025-11-28,90919.265625,92969.0859375,90257.1171875,91285.3828125,60895830289,-0.004010602738938163
2025-11-29,90851.7578125,91187.6171875,90260.1875,90918.7421875,37921773455,-0.0007425028351905061
2025-11-30,90394.3125,91965.046875,90394.3125,90838.2109375,38497902869,-0.005035073877646679
2025-12-01,86321.5703125,90398.15625,83862.25,90389.109375,87962894424,-0.045055292472078956
2025-12-02,91350.203125,92316.6328125,86202.1953125,86322.5390625,78546798211,0.05825464938016567
2025-12-03,93527.8046875,94060.7734375,91056.390625,91345.09375,77650204986,0.023837949867722363
2025-12-04,92141.625,94038.2421875,90976.1015625,93454.2578125,64538402681,-0.014821043775501641
2025-12-05,89387.7578125,92702.640625,88152.140625,92133.6484375,63256398633,-0.029887330373216225
2025-12-06,89272.375,90267.4609375,88951.6640625,89389.359375,37994042405,-0.0012908122468182626
2025-12-07,90405.640625,91740.84375,87799.5625,89277.8125,47394898960,0.012694471554050235
2025-12-08,90640.203125,92267.1171875,89644.890625,90424.5859375,57394099056,0.0025945560296725123
2025-12-09,92691.7109375,94601.5703125,89586.9765625,90639.703125,66861721440,0.022633530616329445
2025-12-10,92020.9453125,94477.15625,91640.1328125,92695.234375,65420694513,-0.007236522211271801
2025-12-11,92511.3359375,93554.265625,89335.296875,92011.3046875,64532834621,0.005329119618741718
2025-12-12,90270.4140625,92747.9296875,89532.6015625,92513.6640625,80275884583,-0.024223213861206738
2025-12-13,90298.7109375,90647.5703125,89800.9921875,90257.796875,64237748110,0.00031346787642294593
2025-12-14,88175.1796875,90498.109375,87634.9375,90296.4375,50465972205,-0.023516739363752315
2025-12-15,86419.78125,89983.921875,85304.078125,88171.078125,45559514323,-0.019908078936967
2025-12-16,87843.984375,88170.09375,85381.6875,86424.40625,41262178223,0.01648005936140917
2025-12-17,86143.7578125,90264.5703125,85316.265625,87847.6171875,44243392914,-0.01935507109105894
2025-12-18,85462.5078125,89412.6640625,84436.3125,86144.3671875,52667115348,-0.007908292107279613
2025-12-19,88103.3828125,89339.1171875,85107.6640625,85476.1328125,46733310561,0.03090097713717843
2025-12-20,88344.0,88497.203125,87924.875,88101.671875,14688196659,0.002731077738661547
2025-12-21,88621.75,89027.953125,87613.203125,88344.703125,19845522660,0.0031439599746445612
2025-12-22,88490.015625,90501.9296875,87908.0703125,88621.3984375,38047472118,-0.0014864790528285043
2025-12-23,87414.0,88898.3828125,86606.9765625,88490.03125,43683011533,-0.01215974047919599
2025-12-24,87611.9609375,87956.8828125,86411.796875,87404.3203125,25550297986,0.0022646365284737513
2025-12-25,87234.7421875,88501.7890625,86949.2578125,87608.3203125,19953216347,-0.004305562231041726
2025-12-26,87301.4296875,89459.4296875,86628.140625,87235.5078125,42455674908,0.0007644603322913834
2025-12-27,87802.15625,87874.78125,87182.9765625,87301.4296875,13741199310,0.005735605525503784
2025-12-28,87835.8359375,87986.890625,87394.953125,87799.34375,15156557929,0.00038358610925337544
2025-12-29,87138.140625,90299.15625,86717.9140625,87835.7890625,48411625849,-0.007943173820266769
2025-12-30,88430.1328125,89297.9375,86735.546875,87134.3515625,35586356225,0.014826942349620564
2025-12-31,87508.828125,89080.2890625,87130.5625,88429.5859375,33830210616,-0.01041844740246467
2026-01-01,88731.984375,88803.2265625,87399.40625,87508.046875,18849043990,0.013977518339667538
2026-01-02,89944.6953125,90884.4609375,88298.6171875,88733.0625,46398906171,0.013667122921255048
2026-01-03,90603.1875,90679.5703125,89328.0703125,89945.0546875,20774828592,0.007321078638514056
2026-01-04,91413.4921875,91712.5859375,90595.1015625,90603.0,26770491368,0.008943445698309516
2026-01-05,93882.5546875,94762.0703125,91414.625,91414.625,53376407252,0.027009825802690735
2026-01-06,93729.03125,94395.296875,91286.546875,93876.9453125,52430605257,-0.0016352711961346023
2026-01-07,91308.0546875,93738.7890625,90601.8046875,93727.46875,43461295053,-0.025829527204251357
2026-01-08,91027.125,91485.8515625,89233.875,91309.640625,42386697030,-0.003076724046541912
2026-01-09,90513.1015625,91910.671875,89625.3828125,91026.2734375,38305906684,-0.005646925984974294
2026-01-10,90386.6484375,90713.03125,90283.3984375,90510.1015625,12385895282,-0.001397069847536736
2026-01-11,90827.4609375,91155.2265625,90212.0234375,90385.359375,17165568977,0.004876964768804504
2026-01-12,91192.9921875,92395.5234375,90055.0234375,90825.859375,41346275358,0.004024457429802286
2026-01-13,95321.78125,96011.625,90941.9296875,91185.3359375,54980674354,0.04527528885126264
2026-01-14,96929.328125,97860.6015625,94583.046875,95322.90625,60592490863,0.016864423365986925
2026-01-15,95551.1875,97150.171875,95103.2421875,96931.2890625,53086363027,-0.01421799419905967
2026-01-16,95525.1171875,95801.890625,94259.2734375,95554.1015625,33248170537,-0.00027284132392391136
2026-01-17,95099.921875,95598.4765625,95005.6171875,95525.15625,16021715122,-0.004451136256293897
2026-01-18,93634.4296875,95491.5078125,93588.8671875,95101.1796875,20809781232,-0.01541002514624834
2026-01-19,92553.59375,93660.828125,92089.25,93655.671875,39195241508,-0.011543146480490485
2026-01-20,88310.90625,92798.4296875,87814.9296875,92553.6015625,53072968031,-0.04584033237499219
2026-01-21,89376.9609375,90430.40625,87231.5703125,88326.5078125,56330422434,0.012071608510981546
2026-01-22,89462.453125,90258.9609375,88438.4453125,89378.5234375,35549685694,0.000956534957143873
2026-01-23,89503.875,91100.25,88486.359375,89462.046875,38997586037,0.00046300848627667257
2026-01-24,89110.734375,89811.609375,89044.2890625,89506.1484375,14558687712,-0.00439244250598092
2026-01-25,86572.21875,89193.1484375,86003.7109375,89104.765625,36124986722,-0.028487203509257375
2026-01-26,88267.140625,88743.0703125,86429.2890625,86566.5234375,45329286974,0.019578126787931138
2026-01-27,89102.5703125,89427.125,87228.921875,88257.4765625,38744942267,0.009464787027023913
2026-01-28,89184.5703125,90439.2890625,88721.4609375,89104.046875,39807419296,0.0009202877056453396
2026-01-29,84561.5859375,89200.78125,83250.6015625,89169.8515625,64653083162,-0.05183614563372574
2026-01-30,84128.65625,84602.1640625,81071.4765625,84562.7265625,72083816087,-0.005119696877728619
2026-01-31,78621.1171875,84136.921875,75815.8828125,84126.5,70479259159,-0.06546567255435032
2026-02-01,76974.4453125,79322.609375,75698.8984375,78626.125,53372509744,-0.02094439679701987
2026-02-02,78688.765625,79258.609375,74551.3359375,76968.875,75140589684,0.022271291537603544
2026-02-03,75633.546875,79118.8515625,72897.140625,78693.5078125,68249110822,-0.03882661934945053
2026-02-04,73019.703125,76864.65625,71779.9296875,75640.09375,67215363944,-0.03455931736640505
2026-02-05,62702.09765625,73161.5546875,62353.53515625,73016.375,125509410908,-0.14129892381358544
2026-02-06,70555.390625,71681.3046875,60074.203125,62704.453125,114674259489,0.1252476912623226
2026-02-07,69281.96875,71611.1484375,67364.4453125,70553.796875,62347107663,-0.018048541205989532
2026-02-08,70264.7265625,72206.90625,68852.8984375,69283.7265625,39721722619,0.014184900201757111
2026-02-09,70120.78125,71369.96875,68291.03125,70243.328125,52081598792,-0.00204861414171964
2026-02-10,68793.9609375,70464.265625,67913.09375,70137.390625,40593063077,-0.018921927121284043
2026-02-11,66991.96875,69242.6796875,65757.3046875,68791.859375,49671946030,-0.02619404614799148
2026-02-12,66221.84375,68339.4921875,65092.109375,66992.1953125,44651071271,-0.011495780977477277
2026-02-13,68857.84375,69382.8359375,65835.78125,66213.375,40820775886,0.039805596623848194
2026-02-14,69767.625,70481.1640625,68706.6171875,68856.984375,36012397645,0.013212456278809848
2026-02-15,68788.1875,70939.2890625,68052.546875,69764.953125,40191152750,-0.014038567315427408
2026-02-16,68843.15625,70067.234375,67301.5859375,68782.3984375,33618145426,0.000799101589935125
2026-02-17,67494.21875,69201.8671875,66615.28125,68843.09375,34866936040,-0.019594358734823403
2026-02-18,66425.3203125,68434.4296875,65845.8984375,67488.0234375,33094301643,-0.015836888807606253
2026-02-19,66957.5234375,67277.125,65637.4296875,66425.625,31492987019,0.008012052068341324
2026-02-20,68005.421875,68269.03125,66452.484375,66958.578125,47507867304,0.015650197075734784
2026-02-21,68003.765625,68657.703125,67533.0703125,68000.25,18357635642,-2.435467576455963e-05
2026-02-22,67659.390625,68235.2265625,67185.6015625,67998.828125,17893536012,-0.005064057803784272
2026-02-23,64616.73828125,67668.4296875,63924.4375,67668.4296875,50953457309,-0.04497014110892317
2026-02-24,64080.04296875,64992.15625,62553.1875,64616.015625,40849331086,-0.008305824880296298
2026-02-25,67960.125,69953.53125,63942.484375,64077.76953125,53629234355,0.060550552894326426
2026-02-26,67453.7734375,68843.3515625,66523.734375,67954.8671875,42988597523,-0.007450715585058165
2026-02-27,65881.796875,68220.40625,64946.03515625,67456.515625,40283655942,-0.023304501473983996
2026-02-28,66995.859375,67714.5234375,63062.21875,65878.9296875,42041497112,0.016910019957618205
2026-03-01,65738.1015625,68162.8203125,65076.73046875,67005.8828125,40733141929,-0.018773664883674046
2026-03-02,68775.8515625,70044.0,65303.13671875,65734.078125,56698092052,0.04620988327616793
2026-03-03,68293.6484375,69232.890625,66237.6171875,68785.078125,47947999049,-0.007011227255569463
2026-03-04,72710.578125,74051.8046875,67437.40625,68290.5625,75073101274,0.06467555605177866
2026-03-05,70841.125,73555.7890625,70654.8828125,72712.65625,51172841727,-0.025710882421896564
2026-03-06,68136.4921875,71378.5703125,67757.8203125,70842.15625,43776962871,-0.03817885179689062
2026-03-07,67272.59375,68515.1640625,66969.2578125,68136.6875,23258701211,-0.01267893913767526
2026-03-08,65969.78125,68177.7890625,65639.1953125,67272.5,33195080116,-0.01936617019467901
2026-03-09,68402.3828125,69474.9453125,65858.0078125,65969.5859375,49499875378,0.03687448277691541
2026-03-10,69926.921875,71770.8984375,68402.71875,68402.71875,54003996096,0.022287806357257578
2026-03-11,70204.8828125,71337.6640625,68998.8671875,69931.25,45236859848,0.003975020350486469
2026-03-12,70493.4609375,70775.828125,69230.15625,70209.765625,40871848129,0.004110513591636167
2026-03-13,70968.265625,73927.328125,70410.7265625,70497.046875,61167226505,0.006735442992662266
2026-03-14,71214.625,71291.203125,70339.5859375,70965.3828125,22283546496,0.0034714019404360474
2026-03-15,72789.9140625,73173.0078125,70882.421875,71213.6796875,27991268669,0.022120302711697182
2026-03-16,74861.0859375,74901.859375,72300.6328125,72798.171875,55572438409,0.028454105238008953
2026-03-17,73922.4765625,75988.3984375,73444.2265625,74855.296875,49500721728,-0.01253801442025071
2026-03-18,71245.578125,74658.9765625,70503.859375,73936.8515625,46229011155,-0.0362122396594321
2026-03-19,69912.7890625,71598.84375,68805.5234375,71250.3515625,44631433398,-0.01870697238447039
2026-03-20,70522.5859375,71346.796875,69398.8828125,69911.53125,38299078407,0.008722250723753211
2026-03-21,68711.5234375,71051.2734375,68602.9140625,70522.46875,21109354718,-0.025680602546325204
2026-03-22,67845.2109375,69561.7734375,67372.875,68737.4453125,30108051508,-0.012607965253281006
2026-03-23,70914.859375,71782.2578125,67458.84375,67843.0,51508669357,0.04524488014825101
2026-03-24,70517.859375,71371.3046875,68920.6953125,70912.671875,40181522399,-0.005598262529164066
2026-03-25,71309.8828125,71985.7421875,70383.59375,70520.046875,35409791747,0.011231529778693128
2026-03-26,68791.625,71410.390625,68118.3515625,71310.1171875,38962070215,-0.03531428903229905
2026-03-27,66338.375,69117.53125,65532.5703125,68790.8359375,46483453594,-0.035662044616623034
2026-03-28,66319.6953125,67232.859375,65906.7421875,66338.5,20924883455,-0.0002815819275042708
2026-03-29,65954.921875,67052.953125,64971.70703125,66319.6953125,21645889785,-0.005500227885263609
2026-03-30,66691.4453125,68087.2890625,65759.8046875,65958.3515625,37694994180,0.011167073154841889
2026-03-31,68233.3125,68495.2734375,65950.4375,66694.5859375,42997691338,0.02311941479563351
2026-04-01,68078.5546875,69230.359375,67555.359375,68232.890625,36465393617,-0.002268068291422898
2026-04-02,66888.5703125,68633.1484375,65725.2578125,68077.8984375,39323384518,-0.017479577533077273
2026-04-03,66931.1015625,67296.234375,66281.5390625,66889.015625,22815543346,0.0006358522809097877
2026-04-04,67290.515625,67515.015625,66769.640625,66938.6484375,15878814963,0.005369911059425414
2026-04-05,68981.8984375,69087.65625,66610.6328125,67291.1953125,22972648674,0.02513553056906015
2026-04-06,68859.828125,70305.421875,68347.078125,68982.9140625,39542143229,-0.0017695992030517527
2026-04-07,71940.703125,72732.4296875,67740.5078125,68859.375,44650511480,0.04474125312086663
2026-04-08,71123.359375,72825.1875,70707.46875,71950.1484375,42444631703,-0.011361353371537541
2026-04-09,71767.828125,73107.265625,70486.359375,71120.5703125,38799581473,0.009061281070850802
2026-04-10,72979.046875,73440.1171875,71434.828125,71774.3671875,37722595732,0.016876904061948084
2026-04-11,73054.2734375,73784.234375,72556.3359375,72976.125,23287073965,0.0010307967248304184
2026-04-12,70753.40625,73154.03125,70540.5703125,73056.046875,29882740487,-0.031495312720733026
2026-04-13,74484.640625,74896.3125,70588.5234375,70757.6171875,52278211554,0.05273575609654846
2026-04-14,74181.609375,76061.7578125,73877.203125,74478.3984375,53540826530,-0.004068372317531099
2026-04-15,74805.078125,75409.2734375,73549.203125,74182.0234375,38090174312,0.008404626904874313
2026-04-16,75152.1328125,75506.5703125,73346.265625,74810.875,41312783855,0.004639453579876829
2026-04-17,77126.875,78320.6796875,74558.6015625,75164.0390625,54137194839,0.02627659540184779
2026-04-18,75726.2109375,77416.703125,75504.9453125,77136.046875,26014416776,-0.01816051878803593
2026-04-19,73856.3515625,76243.09375,73802.3828125,75723.6953125,30931515195,-0.024692366775663332
2026-04-20,75872.5234375,76575.359375,73775.5703125,73854.25,39674447916,0.027298557704868998
2026-04-21,76352.7734375,76881.4765625,74852.671875,75872.828125,36453522626,0.0063296958930805225
2026-04-22,78203.1015625,79468.0,76159.578125,76354.21875,48336654537,0.024233934691509473
2026-04-23,78268.953125,78676.9375,77014.453125,78203.875,40354900916,0.0008420581944230676
2026-04-24,77455.3125,78554.09375,77318.4453125,78263.8203125,32784213526,-0.010395445352393673
2026-04-25,77612.015625,77882.640625,77184.6640625,77457.2109375,16702933134,0.0020231423764509593
2026-04-26,78657.5390625,78923.5625,77334.890625,77613.1171875,21482934750,0.013471154293320797
2026-04-27,77366.625,79488.171875,76481.34375,78661.015625,38135631927,-0.01641182876919478
2026-04-28,76350.671875,77483.8671875,75673.6015625,77368.1171875,32056900880,-0.013131671764148978
2026-04-29,75776.1328125,77884.96875,74958.5703125,76350.6875,41460907886,-0.007525003361340765
2026-04-30,76304.3203125,76611.484375,75318.984375,75778.6328125,29497862305,0.00697036758667724
2026-05-01,78179.0,78894.9765625,76294.6953125,76305.0546875,39164328894,0.024568460603834108
2026-05-02,78657.25,79119.7890625,78031.9609375,78177.75,16761531851,0.006117371672699878
2026-05-03,78538.2265625,79402.359375,78073.078125,78656.7265625,20544392639,-0.00151319093281288
2026-05-04,79827.90625,80742.359375,78217.9609375,78540.2890625,54325085296,0.016421044171065935
2026-05-05,80927.0546875,81751.453125,79787.578125,79823.53125,39700107376,0.013768974900303155
2026-05-06,81427.53125,82792.2109375,80751.0234375,80930.734375,41751540000,0.006184292316489204
2026-05-07,80009.9921875,81684.953125,79522.65625,81428.8515625,36931193154,-0.017408596831308243
2026-05-08,80186.765625,80447.265625,79205.515625,80009.625,33789351540,0.0022093920105095144
2026-05-09,80664.3671875,81030.0625,80119.9296875,80187.7421875,18102086996,0.0059561145630133705
2026-05-10,82138.9296875,82430.171875,80274.1328125,80665.609375,26965971077,0.01828022150812214
2026-05-11,81728.296875,82326.234375,80451.421875,82139.046875,32409774919,-0.004999247178679611
2026-05-12,80477.4921875,81753.03125,79832.1015625,81725.3515625,32186688600,-0.015304426194186482
2026-05-13,79277.1171875,81276.671875,78725.5078125,80476.7890625,34075428359,-0.014915661104390687
2026-05-14,81051.25,82005.9609375,78909.6796875,79276.9453125,43731663431,0.022378876470797504
2026-05-16,79045.3203125,79159.421875,78980.4375,79063.5625,35535978496,-0.024748905013803002
